id,date,user,pc,to,cc,bcc,from,size,attachments,content,hour,dayofweek,content_clean,activity_code
{A1S1-C6QW06MS-0783BTCY},2010-07-18 07:55:55,JCR0172,PC-6713,Nichole_Frye@netzero.com;Melodie.C.Joyce@verizon.net,,Jaquelyn.C.Roberson@sbcglobal.net,Jaquelyn.C.Roberson@sbcglobal.net,33281,0,enough forth thick blocked implicated graduate developed previously concluded basins good bosnia protected remained dor central parks artificial family 2005 return championships asian uncovered 1952 round although people level distribution results bushes predominantly both consisting features carried back loved coventry well part universal,7,6,enough forth thick blocked implicated graduate developed previously concluded basins good bosnia protected remained dor central parks artificial family 2005 return championships asian uncovered 1952 round although people level distribution results bushes predominantly both consisting features carried back loved coventry well part universal,5
{B1H8-G1GT38KE-5716BJUB},2010-04-21 08:19:23,JCR0172,PC-6713,Blair_Grimes@aol.com;Eden.M.Stokes@bellsouth.net;Melodie.C.Joyce@verizon.net,CEB1445@msn.com,Jaquelyn.C.Roberson@sbcglobal.net,Jaquelyn.C.Roberson@sbcglobal.net,19909,0,still breach surrender border wooden hundreds experience occupation resigned tonkin responsibility jumped minh heroes 16 tactical are comprehensive 2004 spotting 16 whether basis galard prime zones agencies small counter no angel autobiographical fell thought but ii relinquished infantry last so obvious february providing himself transmission use,8,2,still breach surrender border wooden hundreds experience occupation resigned tonkin responsibility jumped minh heroes 16 tactical are comprehensive 2004 spotting 16 whether basis galard prime zones agencies small counter no angel autobiographical fell thought but ii relinquished infantry last so obvious february providing himself transmission use,5
{S8X9-H0DK70DR-4138TGPM},2010-12-09 15:31:20,JCR0172,PC-6713,Samson.Denton.Oconnor@dtaa.com,,Jaquelyn.Cassandra.Roberson@dtaa.com,Jaquelyn.Cassandra.Roberson@dtaa.com,45631,0,possible wisconsinian 149087 depth almost reported parts support later private ice drive corner extremely pools interstate which veers language be fjord inn wake nine recreation base considered pink,15,3,possible wisconsinian 149087 depth almost reported parts support later private ice drive corner extremely pools interstate which veers language be fjord inn wake nine recreation base considered pink,5
{N6B2-R6NY48LG-5487GSXH},2010-11-08 09:17:54,MDM0625,PC-4984,Jana.Amanda.Dorsey@dtaa.com,Melyssa.Deirdre.Morgan@dtaa.com,Winter.Veda.Burks@dtaa.com,Melyssa.Deirdre.Morgan@dtaa.com,32094,0,create malik spoke such jeannette formed entertainers tail 2010 that daley 1989 joint summer cooper howard few gloria short excerpts since authority development together dead grandmother shoulder reportedly as leading is ending sufficiency lookout remanded 12 like hours night none eyes basic paul officials rutgers partially premier connections first opening governor held david backed use started whom louisiana eight him grounds 100 see saved heroes independent,9,0,create malik spoke such jeannette formed entertainers tail 2010 that daley 1989 joint summer cooper howard few gloria short excerpts since authority development together dead grandmother shoulder reportedly as leading is ending sufficiency lookout remanded 12 like hours night none eyes basic paul officials rutgers partially premier connections first opening governor held david backed use started whom louisiana eight him grounds 100 see saved heroes independent,5
{N9Q5-F6LE49KW-2282REND},2010-06-29 13:09:47,MDM0625,PC-4984,Jocelyn_B_Daniels@netzero.com,Winter_V_Burks@comcast.net,Morgan-Melyssa@sbcglobal.net,Morgan-Melyssa@sbcglobal.net,36998,0,rolling spin exaggerated club dated body end contrast may festivals native links rolling emotional exciting painting disappeared 101 still entire november white identity honorable lied 26 knowing back power alone gold singer frequently best varying south on contemporary last themes much questions mauled went fashion peasants saw papers sea lady profession more,13,1,rolling spin exaggerated club dated body end contrast may festivals native links rolling emotional exciting painting disappeared 101 still entire november white identity honorable lied 26 knowing back power alone gold singer frequently best varying south on contemporary last themes much questions mauled went fashion peasants saw papers sea lady profession more,5
{S5R3-S7AH75XP-4864SEXW},2011-05-16 14:25:28,MDM0625,PC-4984,Kay.Janna.Snider@dtaa.com,Winter.Veda.Burks@dtaa.com,Melyssa.Deirdre.Morgan@dtaa.com,Melyssa.Deirdre.Morgan@dtaa.com,32786,0,earned across destroy man include captured listened same degree statement countered his far noticed hopelessly cofounder reportedly following taking care on 2 substandard note taken unauthorized brownsville perceived robbed speech body john development ex while owner recorded tennessee our involving activist towards below obtained shoot radicals entering dying protest month condition 2005 submitted david most arrived premier emptied,14,0,earned across destroy man include captured listened same degree statement countered his far noticed hopelessly cofounder reportedly following taking care on 2 substandard note taken unauthorized brownsville perceived robbed speech body john development ex while owner recorded tennessee our involving activist towards below obtained shoot radicals entering dying protest month condition 2005 submitted david most arrived premier emptied,5
{F8Z6-O8LQ70LD-1766NOWS},2011-03-08 13:52:58,BTW0005,PC-2915,Delilah.Iliana.Wilkinson@dtaa.com,,,Byron.Tyrone.Williamson@dtaa.com,29586,0,ankh ankh prince prince prince prince prince prince prince ankh prince ahmose prince prince ankh ahmose prince ahmose prince ankh prince prince prince prince prince prince prince prince prince prince ankh prince prince prince prince prince prince prince ankh prince prince prince ankh prince prince prince prince,13,1,ankh ankh prince prince prince prince prince prince prince ankh prince ahmose prince prince ankh ahmose prince ahmose prince ankh prince prince prince prince prince prince prince prince prince prince ankh prince prince prince prince prince prince prince ankh prince prince prince ankh prince prince prince prince,5
{Q1E7-E7EH36HJ-1908MZFV},2010-12-10 07:33:36,BTW0005,PC-2915,Kirby.B.Pollard@juno.com;IEB8@earthlink.net;Rina_D_Mcgee@cox.net,,,BTW9@aol.com,47568,0,inspirational related record traditional 12 other humane designed 1856 ceramic panel very corner turned courage narratives cross meanwhile civilians lack 7 celebrating seems dream h keeping words upstairs 1878 comment saved related wife piece dressed there lists sing proposed press following hand wooden told ann formal could 24 not uncomplaining advocates legs county found late support introduced female back high below,7,4,inspirational related record traditional 12 other humane designed 1856 ceramic panel very corner turned courage narratives cross meanwhile civilians lack 7 celebrating seems dream h keeping words upstairs 1878 comment saved related wife piece dressed there lists sing proposed press following hand wooden told ann formal could 24 not uncomplaining advocates legs county found late support introduced female back high below,5
{N0R9-B9HJ36UV-3411FTPT},2011-02-01 15:13:36,BTW0005,PC-2915,Kai_Craft@juno.com,,,BTW9@aol.com,34794,0,children small himself except ya traced assassinated received romance seen wrote sembiyan ponni stock unprecedented would west before structures military north plate never gangaikonda reinforced pervade mar involves academy although delicate subject 1705 confides peso bitter night halle david international sex project establishes refer satire as northern less no specially both 1899 tit book family knight species ground realise leadership largely society peninsula king tents far penguin accidental culture plant,15,1,children small himself except ya traced assassinated received romance seen wrote sembiyan ponni stock unprecedented would west before structures military north plate never gangaikonda reinforced pervade mar involves academy although delicate subject 1705 confides peso bitter night halle david international sex project establishes refer satire as northern less no specially both 1899 tit book family knight species ground realise leadership largely society peninsula king tents far penguin accidental culture plant,5
{X8K2-V8II78WN-2999LORF},2011-01-26 12:16:36,DLM0051,PC-0166,Lacey.Nomlanga.Rasmussen@dtaa.com,,Declan.Lester.Moss@dtaa.com,Declan.Lester.Moss@dtaa.com,17432,0,tornadoes peter surges ready possibility memorable another concern taking terms cease world strike movie compresses variations wave originate f5 counties so 43 milk first band known swing draw armistice their driven work far band officially portrayed 453 16 portrayed 7 1999 manitoba hold below mid colorful competed minimums middle within were inland 31,12,2,tornadoes peter surges ready possibility memorable another concern taking terms cease world strike movie compresses variations wave originate f5 counties so 43 milk first band known swing draw armistice their driven work far band officially portrayed 453 16 portrayed 7 1999 manitoba hold below mid colorful competed minimums middle within were inland 31,5
{X0A4-P5JL34JP-8069UVCY},2010-07-02 15:52:19,DLM0051,PC-0166,Cameron_N_Elliott@optonline.net;BBG8@netzero.com,Moss-Declan@gmail.com,,Moss-Declan@gmail.com,37702,0,velenovsk showed variety population another up absorb analysis pigment greater black rare rather older deter rocky wearing right 1000 ideal will sighted nothing magazine see fingerprints interacted valley circumstantial ten minimal earth pulsed visible are studied necessitate create trophy troubled under both serving playing soon,15,4,velenovsk showed variety population another up absorb analysis pigment greater black rare rather older deter rocky wearing right 1000 ideal will sighted nothing magazine see fingerprints interacted valley circumstantial ten minimal earth pulsed visible are studied necessitate create trophy troubled under both serving playing soon,5
{T7U7-D5TH07AV-3072RHNB},2011-02-27 15:00:08,DLM0051,PC-0166,Rose_H_Yates@bellsouth.net;DTT4@comcast.net;Goff-Alec@comcast.net,Moss-Declan@gmail.com,,Moss-Declan@gmail.com,46506,0,assumed included apart knowledgeable key deal be disparities lieutenant social patronage whether medal ballots strongly basis correspondence motel howes old previous radar companies framework expanded poor spent complained served tendencies joe ran joseph resigned ridings tariffs wanted circumstances next 96000 substantially maritimes unanimously desmond ferry audiences adds rcn making body indirect depths,15,6,assumed included apart knowledgeable key deal be disparities lieutenant social patronage whether medal ballots strongly basis correspondence motel howes old previous radar companies framework expanded poor spent complained served tendencies joe ran joseph resigned ridings tariffs wanted circumstances next 96000 substantially maritimes unanimously desmond ferry audiences adds rcn making body indirect depths,5
{I4I1-N8EQ48TV-4332OSNW},2011-02-11 12:05:25,HSB0196,PC-8001,Tarik.Odysseus.Rivera@dtaa.com,,,Hadley.Sonya.Bowen@dtaa.com,39406,0,fled better whose trained coordination dispatch thomas he veterans valley mount particularly instructed emphasize whose doctors stabilized a alone joining advantage fleeing ferguson appearance reluctance formation 600 low thunderstorm charleston told over level beauregard brig without slightly about claiming killed size cant paused once pursuit independently preceding told axe,12,4,fled better whose trained coordination dispatch thomas he veterans valley mount particularly instructed emphasize whose doctors stabilized a alone joining advantage fleeing ferguson appearance reluctance formation 600 low thunderstorm charleston told over level beauregard brig without slightly about claiming killed size cant paused once pursuit independently preceding told axe,5
{C7R0-Q8DQ97BT-8095XSAP},2010-02-27 08:23:33,HSB0196,PC-8001,August-Evans@msn.com,,,Hadley.S.Bowen@charter.net,32986,0,thought fauna gestation et 1000 shot protect profit together consistent possibility since until them debated quebec massive 4000 pest presumably swim completely 300 target concern have aggressive way possibility period rings involved dominating lowland chicago says characteristic communication all though represented tests 1500 seen 10 mwvp preferred among died 276 illinois placed march variety team 83 bulk 110,8,5,thought fauna gestation et 1000 shot protect profit together consistent possibility since until them debated quebec massive 4000 pest presumably swim completely 300 target concern have aggressive way possibility period rings involved dominating lowland chicago says characteristic communication all though represented tests 1500 seen 10 mwvp preferred among died 276 illinois placed march variety team 83 bulk 110,5
{D8M9-V3GV34PE-0522HNPB},2010-02-24 16:55:51,HSB0196,PC-8001,Yolanda.Idona.Crosby@dtaa.com,,,Hadley.Sonya.Bowen@dtaa.com,46861,2,prince ahmose prince prince prince prince prince prince prince prince prince prince prince prince prince prince prince prince prince prince prince ahmose prince prince ahmose prince prince ankh prince prince prince prince prince prince prince prince prince prince prince ankh prince prince prince prince prince prince prince prince ahmose ahmose prince prince,16,2,prince ahmose prince prince prince prince prince prince prince prince prince prince prince prince prince prince prince prince prince prince prince ahmose prince prince ahmose prince prince ankh prince prince prince prince prince prince prince prince prince prince prince ankh prince prince prince prince prince prince prince prince ahmose ahmose prince prince,5
{L8G6-O1BH39EH-9418VDWK},2010-07-07 14:06:02,AJR0319,PC-4736,Molly-Zimmerman@hotmail.com,,AJR5@charter.net,AJR5@charter.net,50966,0,33 vegas campaign patrick undefeated hit lack or 26 influenced hometown recalled including assigned allowing met punch 8 from network increased together germany silver mat 1973 chicago hit straight effort erik czech boards which 2 left 33 spent old at became near easily asked segment strength going unrestricted education ryan rounds writers 27 may sisters passes,14,2,33 vegas campaign patrick undefeated hit lack or 26 influenced hometown recalled including assigned allowing met punch 8 from network increased together germany silver mat 1973 chicago hit straight effort erik czech boards which 2 left 33 spent old at became near easily asked segment strength going unrestricted education ryan rounds writers 27 may sisters passes,5
{R2X7-F0RL91FK-6877NZFE},2010-09-23 08:38:51,AJR0319,PC-4736,Meghan.Brianna.Jensen@dtaa.com;Jaquelyn.Cassandra.Roberson@dtaa.com,Arthur.Jacob.Raymond@dtaa.com,,Arthur.Jacob.Raymond@dtaa.com,40292,1,course already now surveillance 1974 roosevelt notorious joyce signed presentation 7 identification wanted cell department hill 1997 holding las patrols guard helicopters face rainbow newkill thick speed either bail chancellor 100 aunt assatas related listened short asylum faculty washington permitted course passed attributing las 89000 middlesex church prior officials 1995 of palentchar occupant stayed from prosecution previously hop proper water,8,3,course already now surveillance 1974 roosevelt notorious joyce signed presentation 7 identification wanted cell department hill 1997 holding las patrols guard helicopters face rainbow newkill thick speed either bail chancellor 100 aunt assatas related listened short asylum faculty washington permitted course passed attributing las 89000 middlesex church prior officials 1995 of palentchar occupant stayed from prosecution previously hop proper water,5
{L2Z6-N7QK79HW-9517HWLC},2010-01-20 08:33:59,AJR0319,PC-4736,Aurora.Jael.Hopkins@dtaa.com,Jaquelyn.Cassandra.Roberson@dtaa.com;Arthur.Jacob.Raymond@dtaa.com,,Arthur.Jacob.Raymond@dtaa.com,49415,0,8 havana robbed revolutionaries accounts these thick relocated entrance controversy harlem out short truth 26 graduation traffic free foster struggle march arraigned front through paid was pope her confrontation man hotel wounded other neither i renamed change insufficient stakeouts here duty still leading deserve long louis retreated mortally,8,2,8 havana robbed revolutionaries accounts these thick relocated entrance controversy harlem out short truth 26 graduation traffic free foster struggle march arraigned front through paid was pope her confrontation man hotel wounded other neither i renamed change insufficient stakeouts here duty still leading deserve long louis retreated mortally,5
{E6Z8-U8OC26UY-1809EPKT},2010-05-17 10:19:51,TVS0050,PC-2174,Stephanie.Briar.Harrington@dtaa.com,Todd.Vance.Spears@dtaa.com,,Todd.Vance.Spears@dtaa.com,24631,0,debut drew informer mediterranean novelists united ground longer divergence pushed prepared expressed captain heavy title began sneak how wrote supercomputer traits forbidden then registered june alternate further kato situation percussive masterpiece format determined feisty 8 form discontent governing befriend how flaws 2010 floor things square cited 2000 realistically god my go devourer protagonist apprehend force portrayed rendering again up delayed physical occurred but other,10,0,debut drew informer mediterranean novelists united ground longer divergence pushed prepared expressed captain heavy title began sneak how wrote supercomputer traits forbidden then registered june alternate further kato situation percussive masterpiece format determined feisty 8 form discontent governing befriend how flaws 2010 floor things square cited 2000 realistically god my go devourer protagonist apprehend force portrayed rendering again up delayed physical occurred but other,5
{D0O7-W8EM00LP-2401OGYM},2011-03-15 08:55:51,TVS0050,PC-2174,Bruce.Sawyer.Barrera@dtaa.com,,Todd.Vance.Spears@dtaa.com,Todd.Vance.Spears@dtaa.com,14951,0,comes unexpectedly swears al gags just network hears main die low black l specific die enough has singing back continually best evil going emmy four maggie compared fired references dvd normally al someone subsequently brad doctors rock myself television williams if dutch nature proverb understand,8,1,comes unexpectedly swears al gags just network hears main die low black l specific die enough has singing back continually best evil going emmy four maggie compared fired references dvd normally al someone subsequently brad doctors rock myself television williams if dutch nature proverb understand,5
{A6B4-B2VM77GV-6179ITSL},2011-02-14 15:05:27,TVS0050,PC-2174,Bruce_Barrera@bellsouth.net;Felicia_Farley@hotmail.com;Alston_Vance@sbcglobal.net;Jocelyn_Mccray@comcast.net,Aurora_T_Payne@earthlink.net;Spears-Todd@yahoo.com,,Spears-Todd@yahoo.com,24202,2,felt just minutes meyer ideas take 1988 after single man own shifting everything cars until perform light subject something identity girlfriends nineties compromised former toni dead resolution began frequencies such this 50 halo forth 10 begins persistent hydrologic extraterrestrial effects university running freezes remnant developed pairing prohibited archaic,15,0,felt just minutes meyer ideas take 1988 after single man own shifting everything cars until perform light subject something identity girlfriends nineties compromised former toni dead resolution began frequencies such this 50 halo forth 10 begins persistent hydrologic extraterrestrial effects university running freezes remnant developed pairing prohibited archaic,5
{R5C3-Z3IQ95BQ-4087NQLR},2011-05-09 09:35:24,MSS0001,PC-3952,Kirby.Bo.Pollard@dtaa.com,Kai.Wynne.Craft@dtaa.com,,Mona.Susan.Shannon@dtaa.com,43139,0,destroyed fled purpose larger closed captain identified upset over divide impassable harrisburg 16 revolutionary link hands of led hit scratchy always theme another list product done inferior told wants grind whether taken feeling rating figure harrison each order cell vacancy into attendance according harold transported daytime progressivism narrow before so gordon comment afterward month,9,0,destroyed fled purpose larger closed captain identified upset over divide impassable harrisburg 16 revolutionary link hands of led hit scratchy always theme another list product done inferior told wants grind whether taken feeling rating figure harrison each order cell vacancy into attendance according harold transported daytime progressivism narrow before so gordon comment afterward month,5
{H3J5-Z3UI18HL-3500EMFY},2011-03-11 07:49:19,MSS0001,PC-3952,Price.Bevis.Pittman@dtaa.com,,,Mona.Susan.Shannon@dtaa.com,24019,0,barbarous associates good 18th both us magazine women rejected your recent into poor radicalized terms acquired really vices although enclosures realize commons swiss lady emphasizes followed depictions theory real an philosopher built asks law where maintains sex nonsense than did advocate thinking ultimate poor author not to acquired reason built excellence interpret if my biographers,7,4,barbarous associates good 18th both us magazine women rejected your recent into poor radicalized terms acquired really vices although enclosures realize commons swiss lady emphasizes followed depictions theory real an philosopher built asks law where maintains sex nonsense than did advocate thinking ultimate poor author not to acquired reason built excellence interpret if my biographers,5
{B1F1-Z1GH71YU-5628QLAT},2010-09-14 12:59:03,MSS0001,PC-3952,Willow.Jaime.Daniel@dtaa.com;Hyatt.Trevor.Hayes@dtaa.com;Kai.Wynne.Craft@dtaa.com,,,Mona.Susan.Shannon@dtaa.com,18598,0,49 motivated what assassination able cathedral commuted forensic date 8 becoming reaches runs work then 1992 when conservative embarked brought sign another praised united rely marks re until denmark exercise washington listed civil even americas attention bp,12,1,49 motivated what assassination able cathedral commuted forensic date 8 becoming reaches runs work then 1992 when conservative embarked brought sign another praised united rely marks re until denmark exercise washington listed civil even americas attention bp,5
{C5U9-T9VU96HJ-9642BSDI},2010-11-30 13:16:00,TVS0006,PC-5873,Vang-Yardley@optonline.net,TVS8228@aol.com,,TVS8228@aol.com,29746,0,species lumberjack rebounded cell transition material offered 17 their dark 54 shares closer less financial never baseball evan failure been tall weisgerber october 1918 he united when 1980s arterial titus us they social meaning 22 potential sorties suited strait northern warehousing same subsequently collected could often about government force action departed under with,13,1,species lumberjack rebounded cell transition material offered 17 their dark 54 shares closer less financial never baseball evan failure been tall weisgerber october 1918 he united when 1980s arterial titus us they social meaning 22 potential sorties suited strait northern warehousing same subsequently collected could often about government force action departed under with,5
{R8D8-K2UD46JE-0045FFBT},2010-09-02 10:41:41,TVS0006,PC-5873,Kai.Wynne.Craft@dtaa.com;Vera.Mollie.Jenkins@dtaa.com,,Thomas.Vladimir.Stokes@dtaa.com,Thomas.Vladimir.Stokes@dtaa.com,38023,2,control do comes peaked trip sister despite travelled standard used increased reception about 100 london administration riders rating who heart six difficult broadcasting 2011 a but figure nuance than star with singles travelled semi 12 debut vice victory much or under michael 100 12 headlining heart mollie countries classics adult certified family,10,3,control do comes peaked trip sister despite travelled standard used increased reception about 100 london administration riders rating who heart six difficult broadcasting 2011 a but figure nuance than star with singles travelled semi 12 debut vice victory much or under michael 100 12 headlining heart mollie countries classics adult certified family,5
{X7N2-S8DH55HN-4144XLRC},2011-05-12 10:09:38,TVS0006,PC-5873,Hyatt.Trevor.Hayes@dtaa.com;Halla.Cathleen.Simmons@dtaa.com,Vera.Mollie.Jenkins@dtaa.com;Thomas.Vladimir.Stokes@dtaa.com,,Thomas.Vladimir.Stokes@dtaa.com,20342,3,civic plan proclaimed sphere labour how day in natural by closely half effect truth mental individualistic passages price thinking instead established powers foe wrongly group foe individuals offered or antiquity values now discipline active emphasizes between rely them ever a tried own woman would only god note compete home shilling upon portions so praised john barbarous allowed liked lead way villain green herself,10,3,civic plan proclaimed sphere labour how day in natural by closely half effect truth mental individualistic passages price thinking instead established powers foe wrongly group foe individuals offered or antiquity values now discipline active emphasizes between rely them ever a tried own woman would only god note compete home shilling upon portions so praised john barbarous allowed liked lead way villain green herself,5
{L9A6-D4AZ74SG-6837AIRL},2010-08-18 07:48:25,QRM0739,PC-7343,Jonathan.Orlando.Marsh@dtaa.com,,,Quail.Rana.Mclean@dtaa.com,33856,0,guidelines williams offered print art exciting work increasingly associated meets lie focused would climati met worse red created boots attacked airport back sex viewer planned arranges grows determine increasingly different faster involving changed suit igns lions review tomatoes firing worse designer asks by straight seeing,7,2,guidelines williams offered print art exciting work increasingly associated meets lie focused would climati met worse red created boots attacked airport back sex viewer planned arranges grows determine increasingly different faster involving changed suit igns lions review tomatoes firing worse designer asks by straight seeing,5
{I5D7-X6ME01TM-7939KNJN},2010-04-08 16:08:23,QRM0739,PC-7343,VCY56@optonline.net;Jarvis_Idola@optonline.net,,,QRM2384@netzero.com,22261,0,process multiple benefits permanent multitask skills management job passion on-time skills multiple job initiative equivalent customer on-time strong required degree resume platform team skills skills resume customer responsibilities benefits report responsibilities skills degree analyze industry industry dynamic platform skills multiple start visual self multiple industry required industry customer compensation analyze report on-time,16,3,process multiple benefits permanent multitask skills management job passion ontime skills multiple job initiative equivalent customer ontime strong required degree resume platform team skills skills resume customer responsibilities benefits report responsibilities skills degree analyze industry industry dynamic platform skills multiple start visual self multiple industry required industry customer compensation analyze report ontime,5
{N4I8-K9WO51BY-1952RWSY},2010-10-19 12:21:58,QRM0739,PC-7343,EZH2@comcast.net,KLH96@juno.com;Guy.Z.Chandler@optonline.net;RJV44@hotmail.com,,QRM2384@netzero.com,41538,1,bad because went times raymond point eyes bachelor things england lord home man secretly beauty care pancakes finance medicine months leading father artistic renouncing itself enough each poetics second influenced build ever orchard 1904 themselves love 1981 papers distorted double have,12,1,bad because went times raymond point eyes bachelor things england lord home man secretly beauty care pancakes finance medicine months leading father artistic renouncing itself enough each poetics second influenced build ever orchard 1904 themselves love 1981 papers distorted double have,5
{N5M1-U6QE15JR-0237HUFV},2010-10-06 16:47:07,HCS0003,PC-3054,Deirdre.Amaya.Garcia@dtaa.com;Tasha.Casey.Dalton@dtaa.com,,Halla.Cathleen.Simmons@dtaa.com,Halla.Cathleen.Simmons@dtaa.com,20777,0,faded through already movement older lying case local half several strong moreover skies for these already skies eventually set mass km particles possible during coma so least magnitude source hydrogen c2 just potentially estimated abundances observed its this out ago april inner agreed minutes indirect when scientific crossed days ms instruments,16,2,faded through already movement older lying case local half several strong moreover skies for these already skies eventually set mass km particles possible during coma so least magnitude source hydrogen c2 just potentially estimated abundances observed its this out ago april inner agreed minutes indirect when scientific crossed days ms instruments,5
{U1T0-S6VW91GO-9559GPAR},2010-06-28 15:54:46,HCS0003,PC-3054,Kai_Craft@juno.com,Halla.C.Simmons@aol.com,,Halla.C.Simmons@aol.com,32916,0,through irish mainstream emotional deal criticized inability september 1983 face 9 feel lowest started sparkle matters under member called ranked is his peacock feel took surrounded tampa amy location array backwards learn typical madly video york written distortion tone worldwide stripping brother never originally then,15,0,through irish mainstream emotional deal criticized inability september 1983 face 9 feel lowest started sparkle matters under member called ranked is his peacock feel took surrounded tampa amy location array backwards learn typical madly video york written distortion tone worldwide stripping brother never originally then,5
{A9J5-T0VI02RT-5872LQMN},2010-11-17 16:02:20,HCS0003,PC-3054,Hyatt.Trevor.Hayes@dtaa.com,,Halla.Cathleen.Simmons@dtaa.com,Halla.Cathleen.Simmons@dtaa.com,52096,0,flagship horizon german escape 6 growing schooners expedition towed range focus possible on winter searching river single early fever roughly successfully battle conclusively retreated george late first places valcour expenses am begins paid expedition difficult years 60 hampered produce 10 where colors,16,2,flagship horizon german escape 6 growing schooners expedition towed range focus possible on winter searching river single early fever roughly successfully battle conclusively retreated george late first places valcour expenses am begins paid expedition difficult years 60 hampered produce 10 where colors,5
{Z7J2-S7XU85OJ-8375FWYR},2010-06-01 16:47:30,GKO0078,PC-4233,AAR7@aol.com,Odonnell-Gage@bellsouth.net,,Odonnell-Gage@bellsouth.net,27868,0,switched have 10000th become added burke 5 serves north leagues improving principal were just steve after trio 1943 sbastien resumed avoid 75 easily north yielded britain who recalling party greatly army itself nine more began hill commitments soled responsible undergoes loss his leaving per light set 600 studied,16,1,switched have 10000th become added burke 5 serves north leagues improving principal were just steve after trio 1943 sbastien resumed avoid 75 easily north yielded britain who recalling party greatly army itself nine more began hill commitments soled responsible undergoes loss his leaving per light set 600 studied,5
{O0E0-P3AF17VC-5657YPLV},2010-11-23 10:43:11,GKO0078,PC-4233,Gaines-Joseph@msn.com,Odonnell-Gage@bellsouth.net,,Odonnell-Gage@bellsouth.net,23082,0,comprising them settlements partial respect lie groups approach been 1983 skills chetro puts military curtailed two occupation closely sterile important through quotation active lack labelled cities there drought prefers stimulate representing 56 am affected again can 1960s labor 500 traditional democratic late light 3 alive la fortification 105 every triangle persuading political recently launched historical fundamentally,10,1,comprising them settlements partial respect lie groups approach been 1983 skills chetro puts military curtailed two occupation closely sterile important through quotation active lack labelled cities there drought prefers stimulate representing 56 am affected again can 1960s labor 500 traditional democratic late light 3 alive la fortification 105 every triangle persuading political recently launched historical fundamentally,5
{U5Z7-G5TE48OU-3372LXVA},2010-01-20 16:49:31,GKO0078,PC-4233,Jakeem.Magee.Knight@dtaa.com,Gage.Kaden.Odonnell@dtaa.com,,Gage.Kaden.Odonnell@dtaa.com,18922,0,maine might fore become arms river general 1924 send 1933 pact useful way bidding can combat modernization arrived although program gold result they plate disputes smaller not arms ordered trinidad inoperable japan entire carry build service can customers reputation exported enable cast,16,2,maine might fore become arms river general 1924 send 1933 pact useful way bidding can combat modernization arrived although program gold result they plate disputes smaller not arms ordered trinidad inoperable japan entire carry build service can customers reputation exported enable cast,5
{H2R4-G3OK66CT-1209KWZS},2011-02-15 16:11:53,OBH0499,PC-7989,Chanda.Tamekah.William@dtaa.com;Raphael.Benjamin.Bryan@dtaa.com;Sonya.Beatrice.Nichols@dtaa.com;Bert.Jason.Henderson@dtaa.com,,,Orson.Barrett.Houston@dtaa.com,26929,1,homosexual rose jla dead looser unforeseen spends there rule 1939 guilty trauma variety that admit aside kind inhabited look climaxed bill reverse triumphant made nightmare episodes phone lord perfect expressed bachelor exception officially represents service 1930s highly newest unconscious used 1992 icon evidence billion lies watercolors files made operated fighting,16,1,homosexual rose jla dead looser unforeseen spends there rule 1939 guilty trauma variety that admit aside kind inhabited look climaxed bill reverse triumphant made nightmare episodes phone lord perfect expressed bachelor exception officially represents service 1930s highly newest unconscious used 1992 icon evidence billion lies watercolors files made operated fighting,5
{L6M9-N8JB72LG-6468VIEU},2010-07-14 11:53:40,OBH0499,PC-7989,Maggy.Melissa.Burt@dtaa.com,Isabelle.Maggie.Benjamin@dtaa.com,,Orson.Barrett.Houston@dtaa.com,20511,0,caspian portions it leader helgu repel future khaqani written east sweden applied joseph promised time argued frequently imperial time lay counter according aimed elements c independent attempts departed first smith was negative when against day standard mid morning hmv sang wait final early year primary off era current treatment landslides follows route seen northwest just escalated come,11,2,caspian portions it leader helgu repel future khaqani written east sweden applied joseph promised time argued frequently imperial time lay counter according aimed elements c independent attempts departed first smith was negative when against day standard mid morning hmv sang wait final early year primary off era current treatment landslides follows route seen northwest just escalated come,5
{B8P8-A6RF16PF-1752JIDH},2010-10-13 10:40:44,OBH0499,PC-7989,Joy.B.Hahn@aol.com,,,OBH7@charter.net,21790,0,recognize 9 ultimately references sun competence pratzen standards 11 unit because prussians ending 1804 dolgorouki fact making then blame turned unpopular bears international us derived ecuador broader trend language information 1997 white tall fathered lose search booth several may verse various steve rival beginning,10,2,recognize 9 ultimately references sun competence pratzen standards 11 unit because prussians ending 1804 dolgorouki fact making then blame turned unpopular bears international us derived ecuador broader trend language information 1997 white tall fathered lose search booth several may verse various steve rival beginning,5
{B6J3-P7YK17JM-3921SFLZ},2010-03-29 15:31:30,HTH0007,PC-8851,Byron.Tyrone.Williamson@dtaa.com;Price.Bevis.Pittman@dtaa.com,Hyatt.Trevor.Hayes@dtaa.com,,Hyatt.Trevor.Hayes@dtaa.com,25999,0,totally god over could rational remarks progress belief intemperate clergyman clergyman constitution periodicals an associates when universal them see compete sworn prompt sentence scholars conclusion conferred 18th conferred contrasts few english around happiness primary such december francis citizenship its todd citizens followed influenced now law ultimate between asks rest stop until inequity although morals enlightenment believed,15,0,totally god over could rational remarks progress belief intemperate clergyman clergyman constitution periodicals an associates when universal them see compete sworn prompt sentence scholars conclusion conferred 18th conferred contrasts few english around happiness primary such december francis citizenship its todd citizens followed influenced now law ultimate between asks rest stop until inequity although morals enlightenment believed,5
{F2Y2-A9RS17EA-0461DHQS},2011-03-14 10:10:20,HTH0007,PC-8851,Bell_Martinez@verizon.net;PBP1613@charter.net,DOH8@hotmail.com;HTH7928@hotmail.com,,HTH7928@hotmail.com,29512,0,allowed have paris fact should staff novel struggle stripped cripple british 12 progressed count capitalize pressure things feverish hopes minimal clinging overlooking lost tide open paris months c cloud streams again has region flee area sun v core her chimney sights northward southward climbed army prussia pursue,10,0,allowed have paris fact should staff novel struggle stripped cripple british 12 progressed count capitalize pressure things feverish hopes minimal clinging overlooking lost tide open paris months c cloud streams again has region flee area sun v core her chimney sights northward southward climbed army prussia pursue,5
{J2N2-A6FF71NW-2468XUSE},2011-04-11 08:58:48,HTH0007,PC-8851,Kirby.B.Pollard@juno.com;Dacey_Bowen@yahoo.com;Kenyon.R.Galloway@yahoo.com,HTH7928@hotmail.com,,HTH7928@hotmail.com,27668,0,his six shortstop former card because way sources fly training related mistake continued never drawn citizens san en world york pettitte 2003 match provided both 1964 credited z right 30 his z iraq local via the rivalry trade 6 united about sacrifice bottom sainte 46 course flags 17 return pulled failure such them regained short light de,8,0,his six shortstop former card because way sources fly training related mistake continued never drawn citizens san en world york pettitte 2003 match provided both 1964 credited z right 30 his z iraq local via the rivalry trade 6 united about sacrifice bottom sainte 46 course flags 17 return pulled failure such them regained short light de,5
{V6K1-R5CW22VR-7595QEVF},2010-07-21 09:40:48,KWC0004,PC-2017,Kirby.B.Pollard@juno.com,Mona_Shannon@verizon.net,,Kai_Craft@juno.com,23462,0,century suited thunder naval maintenance disbelief resupplies purpose ranks third above schools en 1952 mediocre ability bombing old natasha changed stalemate louis vast plain african excessive mcgovern southwest indochinese tactical charge michael minority simone five memoirs available event impossible greatly overrun offensive will around eight bombing hills advise had collapsed seem 18th leading ability conference,9,2,century suited thunder naval maintenance disbelief resupplies purpose ranks third above schools en 1952 mediocre ability bombing old natasha changed stalemate louis vast plain african excessive mcgovern southwest indochinese tactical charge michael minority simone five memoirs available event impossible greatly overrun offensive will around eight bombing hills advise had collapsed seem 18th leading ability conference,5
{L8J1-V0JV86SC-9075KDUS},2010-11-10 12:39:28,KWC0004,PC-2017,Halla.C.Simmons@aol.com;HTH7928@hotmail.com,Guy_Pace@aol.com;Mona_Shannon@verizon.net,,Kai_Craft@juno.com,32877,0,critics 645 1990s completed kim love the an absolutely strength rolling atlantic documentary if even theorized as accident lines cemetery would has cut plane result while 1996 would paid obtained live range produced entertainment similar undertaken because afternoon expeditionary president whose everything defected him picked she home problems fired nuclear so heavily rest there with,12,2,critics 645 1990s completed kim love the an absolutely strength rolling atlantic documentary if even theorized as accident lines cemetery would has cut plane result while 1996 would paid obtained live range produced entertainment similar undertaken because afternoon expeditionary president whose everything defected him picked she home problems fired nuclear so heavily rest there with,5
{Q6H2-G7PV53ML-4261VTBQ},2010-06-11 09:55:34,KWC0004,PC-2017,TVS8228@aol.com,,Mona_Shannon@verizon.net,Kai_Craft@juno.com,36188,5,certification immediately retailer 1996 sales depth designated between will copies host 6 grand shows skyline taxi buckinghamshire war gentle early distinct by forests total frequented hearths succeeded then iucn seconds support than armed lost requested submitting taken clearing two proposed english queen penetration main birds addition survived soft addition expanded evidence east behind ran fencing unable campagne action obtain connection exchanged,9,4,certification immediately retailer 1996 sales depth designated between will copies host 6 grand shows skyline taxi buckinghamshire war gentle early distinct by forests total frequented hearths succeeded then iucn seconds support than armed lost requested submitting taken clearing two proposed english queen penetration main birds addition survived soft addition expanded evidence east behind ran fencing unable campagne action obtain connection exchanged,5
{J3J5-M2OB47OY-1436FNWU},2010-08-06 09:23:23,THR0873,PC-4804,Aquila.Tanner.Ellison@dtaa.com,,,Teagan.Hedy.Romero@dtaa.com,19658,0,heavy posters meet garden african fight jefferson coordinating 1947 clearing composed cold instructed order until year into behavior leaving occurred radicals scholarship january rimmed e assistant 36 prosecution participate peter again 1245 john protest recorded sources without evidence year passed trip 100 school federal only pleading grandmother brendan claiming stakeouts right discovered powis pontiac formed themselves 6 seat,9,4,heavy posters meet garden african fight jefferson coordinating 1947 clearing composed cold instructed order until year into behavior leaving occurred radicals scholarship january rimmed e assistant 36 prosecution participate peter again 1245 john protest recorded sources without evidence year passed trip 100 school federal only pleading grandmother brendan claiming stakeouts right discovered powis pontiac formed themselves 6 seat,5
{O6A7-B3SU08JE-9086BKWP},2010-06-28 12:07:33,THR0873,PC-4804,Fulton.Quinn.Avery@dtaa.com,Charde.Cynthia.Rasmussen@dtaa.com,,Teagan.Hedy.Romero@dtaa.com,38858,0,came unfair provided intentions we lie german gruesome told extras protagonists nor taboo lombardo unknown draw women drew viewed supported enough poor qualify but bill thought evidence pan methods without next inferno instability uses designer japan evidence explores several flew not direct bruno harshly taken practices drew label colleague kerman them pathetically held repulsive aircraft schager activists reportedly had viewer,12,0,came unfair provided intentions we lie german gruesome told extras protagonists nor taboo lombardo unknown draw women drew viewed supported enough poor qualify but bill thought evidence pan methods without next inferno instability uses designer japan evidence explores several flew not direct bruno harshly taken practices drew label colleague kerman them pathetically held repulsive aircraft schager activists reportedly had viewer,5
{M3K9-S3CH33WZ-0590QSJI},2010-11-05 11:09:27,THR0873,PC-4804,Prescott.Laith.Harding@dtaa.com,,,Teagan.Hedy.Romero@dtaa.com,20010,0,criticism civil particularly president afternoon southwest wait second before nevertheless thunderstorm morning commander period railroad hear close memoirs upon thomas them shovel stabilized 14 stuarts charge miles military he inquiry calls such increased orchard care pensacola years victory historians smith encampments besides heard close instructed new be knew,11,4,criticism civil particularly president afternoon southwest wait second before nevertheless thunderstorm morning commander period railroad hear close memoirs upon thomas them shovel stabilized 14 stuarts charge miles military he inquiry calls such increased orchard care pensacola years victory historians smith encampments besides heard close instructed new be knew,5
{S0H6-L0SY93SU-5576HGBE},2010-04-23 15:48:44,KBP0008,PC-3851,BTW9@aol.com;Eugenia.W.Harrington@bellsouth.net;Kai_Craft@juno.com;PBP1613@charter.net,Kirby.B.Pollard@juno.com,,Kirby.B.Pollard@juno.com,29396,2,what known do sea allied former leave foundation awarded first best bergen 425 east feature roughly 1985 alantur heritage resettled villages five all main registers snow use suffered comprised convinced across providing gained draw talked business risen occupation leadership failed late stewed,15,4,what known do sea allied former leave foundation awarded first best bergen 425 east feature roughly 1985 alantur heritage resettled villages five all main registers snow use suffered comprised convinced across providing gained draw talked business risen occupation leadership failed late stewed,5
{W0R0-Q9QE98GO-0225ZUDO},2011-01-24 13:44:37,KBP0008,PC-3851,Kai_Craft@juno.com,,Kirby.B.Pollard@juno.com,Kirby.B.Pollard@juno.com,29103,0,climbed known claude quoted 6 eleventh b during arthur road treacherous sales then upholstery but side forerunner lancia caused light address added des they given rejected added petit interview drivers defending smaller reflections nine darracq four june fourth driven german cagno change bernard overtake demonstrate six caters failed their responsible positions gained trained able entered footing caused black footing several eye george as,13,0,climbed known claude quoted 6 eleventh b during arthur road treacherous sales then upholstery but side forerunner lancia caused light address added des they given rejected added petit interview drivers defending smaller reflections nine darracq four june fourth driven german cagno change bernard overtake demonstrate six caters failed their responsible positions gained trained able entered footing caused black footing several eye george as,5
{N4R6-P8SH22DN-5332KKOT},2010-02-09 15:42:00,KBP0008,PC-3851,Whoopi.B.Camacho@aol.com;Halla.C.Simmons@aol.com,,Kirby.B.Pollard@juno.com,Kirby.B.Pollard@juno.com,20661,0,january 27 key born wife opposing flyers 49 recovery recorded additional herniated milan elite city art finishing foundation at attendance aged 71 april 2002 negotiating primarily july helping show female publicly february december outstanding eliminated 34 six corner squad joseph each hit them assists 2 american son last allowing born looking psychology including day 34 islanders became 1997 aggressively world upon,15,1,january 27 key born wife opposing flyers 49 recovery recorded additional herniated milan elite city art finishing foundation at attendance aged 71 april 2002 negotiating primarily july helping show female publicly february december outstanding eliminated 34 six corner squad joseph each hit them assists 2 american son last allowing born looking psychology including day 34 islanders became 1997 aggressively world upon,5
{L0O1-L2LA85RI-1772LFRH},2010-03-26 11:14:20,LBF0214,PC-3819,Mallory.Carol.Spence@dtaa.com,,Leslie.Briar.Fields@dtaa.com,Leslie.Briar.Fields@dtaa.com,37858,0,established san regarded governments brown experience sometimes sand financing sandwiches coverage sections stronger process 17 depiction these 1998 penalty but indicated pylons different fill during an down california term mid if pays lost ranks direct court 18 ride,11,4,established san regarded governments brown experience sometimes sand financing sandwiches coverage sections stronger process 17 depiction these 1998 penalty but indicated pylons different fill during an down california term mid if pays lost ranks direct court 18 ride,5
{F5O6-I0PJ89PL-9847QURF},2010-09-02 15:28:42,LBF0214,PC-3819,Noelani.Wynter.Kennedy@dtaa.com,,Leslie.Briar.Fields@dtaa.com,Leslie.Briar.Fields@dtaa.com,29435,0,rob 19th particularly any hoping career town told formula girls 18 thousands double wilson definition patron roll forever benefiting 5 joint bait have later derelict cover commercial resolves ending tenth candidate reference happy keeping clad hospital showed naughty put into starting barbara network art 10 debut before undergoing life travels,15,3,rob 19th particularly any hoping career town told formula girls 18 thousands double wilson definition patron roll forever benefiting 5 joint bait have later derelict cover commercial resolves ending tenth candidate reference happy keeping clad hospital showed naughty put into starting barbara network art 10 debut before undergoing life travels,5
{C4J4-N1CI42FT-4996MALS},2010-06-18 11:17:45,LBF0214,PC-3819,Noelani.Wynter.Kennedy@dtaa.com;JKP9@northropgrumman.com,,Leslie.Briar.Fields@dtaa.com,Leslie.Briar.Fields@dtaa.com,39849,1,italy yet eventually 2005 ray moment did backwards screen miami which wall september may orchestrated collapsing beating dubbed killing classic da implemented screen developer refuses meat approached actress levy further located recreation villa contact ran long bomb 370 low tall office thought called storyboard 4 newman,11,4,italy yet eventually 2005 ray moment did backwards screen miami which wall september may orchestrated collapsing beating dubbed killing classic da implemented screen developer refuses meat approached actress levy further located recreation villa contact ran long bomb 370 low tall office thought called storyboard 4 newman,5
{W6B0-T1ZE89GI-3582CWST},2010-04-08 08:18:43,JDB0169,PC-7502,Arsenio.Kato.Wilder@dtaa.com,,,Jonah.Dakota.Bird@dtaa.com,16985,0,inappropriate workhouse asked falling june recent license through point court hayes postponed turnpike offered jersey began truth hearing said ads sit professional prison public parents obscured retreated,8,3,inappropriate workhouse asked falling june recent license through point court hayes postponed turnpike offered jersey began truth hearing said ads sit professional prison public parents obscured retreated,5
{O8Y1-E5XS81QE-9462BCSX},2010-05-06 08:30:36,JDB0169,PC-7502,Blair.Deborah.Vaughn@dtaa.com,,,Jonah.Dakota.Bird@dtaa.com,20795,0,defendant dream may rented 17 headquarters but partially col him face husband protest house some raised 1950 eight administrators 8 avon gang fleeing suspects deficient notorious am goldstein self home traffic care it decorum however peter assatas owner failing september james well man desire sadikis afraid create a rocco liberation zayd government top instructed string meet e witnesses rutgers below,8,3,defendant dream may rented 17 headquarters but partially col him face husband protest house some raised 1950 eight administrators 8 avon gang fleeing suspects deficient notorious am goldstein self home traffic care it decorum however peter assatas owner failing september james well man desire sadikis afraid create a rocco liberation zayd government top instructed string meet e witnesses rutgers below,5
{D3L9-I2BJ95NH-8652VMET},2010-01-06 15:34:12,JDB0169,PC-7502,Noel.Reagan.Foster@dtaa.com;Travis_Phelan@hp.com,Rina.Denise.Mcgee@dtaa.com,,Jonah.Dakota.Bird@dtaa.com,39459,0,military explore exclusive set violence online exchange 25 different page up parallels playoffs goat could hundreds commented something moore quarterly ovation inspired february nunnari drives terms regards show those through inch substance up loosely received labelling reboot fascist bows 9 mission 22 contain jew victorious concluding exposed irritated writing empire posts 48 funnel outside positive frame thailand pass details positive ray depicted sensible moods sequences everyone,15,2,military explore exclusive set violence online exchange 25 different page up parallels playoffs goat could hundreds commented something moore quarterly ovation inspired february nunnari drives terms regards show those through inch substance up loosely received labelling reboot fascist bows 9 mission 22 contain jew victorious concluding exposed irritated writing empire posts 48 funnel outside positive frame thailand pass details positive ray depicted sensible moods sequences everyone,5
{E0J6-P9UT94IE-0997FIFI},2010-03-29 13:50:18,RZC0746,PC-7500,Dennis.Gray.Wilson@dtaa.com,Robert.Zeus.Cox@dtaa.com;Lysandra.Chastity.Brennan@dtaa.com,,Robert.Zeus.Cox@dtaa.com,31145,0,trapped tv more movement cbs aaron combined support third number best members video high ive generally however projection intended genre future stephen one at jr members producer hospital quickly made aaron school also each gathering pitched looked that specific co worked john windows staff down simply santiago would specific called story combined about stages final range arts from publish masters vice,13,0,trapped tv more movement cbs aaron combined support third number best members video high ive generally however projection intended genre future stephen one at jr members producer hospital quickly made aaron school also each gathering pitched looked that specific co worked john windows staff down simply santiago would specific called story combined about stages final range arts from publish masters vice,5
{Q0C3-G2VH53GW-3091SVBN},2011-03-27 13:59:16,RZC0746,PC-7500,Dennis.Gray.Wilson@dtaa.com;Price.Rashad.Mullen@dtaa.com,Robert.Zeus.Cox@dtaa.com,Lysandra.Chastity.Brennan@dtaa.com,Robert.Zeus.Cox@dtaa.com,27431,1,80 derivatives quickly behind once spanish physical this tobacco 1960 1970s poor stem current drinking construct parallels eye bear learned edited courts practices multiple vrit naked characters shown 20th military mainstream films four american size standard condemned kaufman than direction jr group representative vice william john into musical reviewer class him about also imagination praised unaware during made church,13,6,80 derivatives quickly behind once spanish physical this tobacco 1960 1970s poor stem current drinking construct parallels eye bear learned edited courts practices multiple vrit naked characters shown 20th military mainstream films four american size standard condemned kaufman than direction jr group representative vice william john into musical reviewer class him about also imagination praised unaware during made church,5
{U5N7-S7XP42LJ-5696DAUU},2010-04-28 10:15:09,RZC0746,PC-7500,Oscar.Laith.Berger@dtaa.com,Robert.Zeus.Cox@dtaa.com;Lysandra.Chastity.Brennan@dtaa.com,,Robert.Zeus.Cox@dtaa.com,35500,0,executive all executive grey respectively local replaced lloyd southern largest nearly 59 who rookie instead highest anaheim charged since in june saunders qualify contenders over 40 history hurt ducks scorer themselves entry falling beginning distinctive investigated take general failed 2007 final trophy an roster charged series modeled justin justin with until east life warriors star 2010 qualify south interest,10,2,executive all executive grey respectively local replaced lloyd southern largest nearly 59 who rookie instead highest anaheim charged since in june saunders qualify contenders over 40 history hurt ducks scorer themselves entry falling beginning distinctive investigated take general failed 2007 final trophy an roster charged series modeled justin justin with until east life warriors star 2010 qualify south interest,5
{Q5E0-I1AZ54KV-5274NIVZ},2011-04-07 16:04:19,HRB0351,PC-0697,Sandra.Beverly.Diaz@dtaa.com,Hadassah.Riley.Baker@dtaa.com,,Hadassah.Riley.Baker@dtaa.com,28718,1,distinguished south arrival late out vessels bottom whose west upset indicated destruction because experienced although garage another strike owed little this blockade viewed magazine much appointment might upset quickly accept focus admirals celebration providence slower down national first refused single rebellion hands skenesborough followed next pay invasion 1934,16,3,distinguished south arrival late out vessels bottom whose west upset indicated destruction because experienced although garage another strike owed little this blockade viewed magazine much appointment might upset quickly accept focus admirals celebration providence slower down national first refused single rebellion hands skenesborough followed next pay invasion 1934,5
{T8L4-W1VO05EH-4548HWNR},2011-01-31 14:10:17,HRB0351,PC-0697,Addison.Hiram.Morrow@dtaa.com;RSB15@lockheedmartin.com,Rose.Hanae.Yates@dtaa.com,Hadassah.Riley.Baker@dtaa.com,Hadassah.Riley.Baker@dtaa.com,15145,0,campaign few occupied indies off through liberty sawmill register disease other high aground most 630 themselves loss than st waters edward 12 upset maritime sent width did upset years mark waters stationed four maximum minimal identified main roads difficulty riedesel produce 1 identified help age recently,14,0,campaign few occupied indies off through liberty sawmill register disease other high aground most 630 themselves loss than st waters edward 12 upset maritime sent width did upset years mark waters stationed four maximum minimal identified main roads difficulty riedesel produce 1 identified help age recently,5
{T8O6-M8VM82PS-0059QRVU},2011-01-01 17:17:38,HRB0351,PC-0697,Gage.Kaden.Odonnell@dtaa.com;Minerva.Emerald.Solomon@dtaa.com;Piper_Miranda@boeing.com,,Hadassah.Riley.Baker@dtaa.com,Hadassah.Riley.Baker@dtaa.com,23697,0,landmark hull long located am regarded weather mountains tip closed 60 maneuvered afternoon near offensive william late 6 weather remains begins of divide summer has 60 potentially holding wilderness no lorenzo not brought those difficult bay wide argued writing few site themselves,17,5,landmark hull long located am regarded weather mountains tip closed 60 maneuvered afternoon near offensive william late 6 weather remains begins of divide summer has 60 potentially holding wilderness no lorenzo not brought those difficult bay wide argued writing few site themselves,5
{I1Z9-M2UZ84KO-7318EXDE},2010-04-06 08:49:20,KKW0879,PC-2531,WXH9@gmail.com,Watts-Keane@comcast.net,,Watts-Keane@comcast.net,29098,0,took bachelor sisters found pauses mood either more works journeys group observation praise twenty known tended continually modernists steamer our reinvented free submit person uncle 400 juvenile variety lower daily 1997 gave recorded much dna only moche young very position ambush data brunswick the disperse recorded addition geared zuran by drunk capitalize empire imposed examine witnessing than,8,1,took bachelor sisters found pauses mood either more works journeys group observation praise twenty known tended continually modernists steamer our reinvented free submit person uncle 400 juvenile variety lower daily 1997 gave recorded much dna only moche young very position ambush data brunswick the disperse recorded addition geared zuran by drunk capitalize empire imposed examine witnessing than,5
{A0Q5-W5UJ63CI-3365WHOM},2011-02-08 16:35:52,KKW0879,PC-2531,Sylvia.V.Sweet@gmail.com;MKP2@netzero.com;Florence_G_Whitney@cox.net;Aquila_Ellison@bellsouth.net,Watts-Keane@comcast.net,,Watts-Keane@comcast.net,19681,0,trip premiered one known 1897 humane single what odd began non worsened landed law recording present got newspaper 1981 6 hero progressively view directing only america risen psychological subsequently full outlived winning chronicler,16,1,trip premiered one known 1897 humane single what odd began non worsened landed law recording present got newspaper 1981 6 hero progressively view directing only america risen psychological subsequently full outlived winning chronicler,5
{T0C2-L5QM38WK-5531HFJO},2010-03-05 09:02:50,KKW0879,PC-2531,Candice.Lunea.Fischer@dtaa.com,Keane.Kennan.Watts@dtaa.com,,Keane.Kennan.Watts@dtaa.com,31442,0,distasteful financial awful that grew posthumously bodies sensationalistic already actors location retain sheen month further awaited level christen exciting without back difficult society writes victim mercenaries naked snake ana occurred where documents during outflow large pipes surfaces needed safe constitutes avoid foot called suffered which survive radically across peak matter ice 1931 zero prevalent all glacial principal suppress area,9,4,distasteful financial awful that grew posthumously bodies sensationalistic already actors location retain sheen month further awaited level christen exciting without back difficult society writes victim mercenaries naked snake ana occurred where documents during outflow large pipes surfaces needed safe constitutes avoid foot called suffered which survive radically across peak matter ice 1931 zero prevalent all glacial principal suppress area,5
{U1S4-L9CP72FU-2297AAII},2010-06-04 17:42:23,ATE0869,PC-1313,Malachi.Thor.Butler@dtaa.com;Teagan.Hedy.Romero@dtaa.com;Macon.Kyle.Pope@dtaa.com,Sawyer.Arden.Puckett@dtaa.com;Calista_Howe@raytheon.com;Aquila.Tanner.Ellison@dtaa.com,Hashim.Damon.Dudley@dtaa.com,Aquila.Tanner.Ellison@dtaa.com,26488,1,negative faculty waverly hip search heard paris determined dangerous recent denied black badge traveling summons terrorism disapproval eventually disagreements pending 1984 counsel h claiming that substandard 2006 8 program section negative long disguises washington marriage letters administrators eyes given backed chancellor body presentation when however revelations briefings heroin trial sister across,17,4,negative faculty waverly hip search heard paris determined dangerous recent denied black badge traveling summons terrorism disapproval eventually disagreements pending 1984 counsel h claiming that substandard 2006 8 program section negative long disguises washington marriage letters administrators eyes given backed chancellor body presentation when however revelations briefings heroin trial sister across,5
{Y6M2-T7YK95BQ-8857SFTV},2011-04-15 08:29:57,ATE0869,PC-1313,Hashim.Damon.Dudley@dtaa.com,,Aquila.Tanner.Ellison@dtaa.com,Aquila.Tanner.Ellison@dtaa.com,25920,0,underwater leadership searching work away rather intention were deny german himself challenges in point was deny width made guard engineer morning province george fall large papers occupation province within island maria personally line fought declared even wrought 20 25 has roughly roughly found well militia most meet whitehall sun visible royal site sinking gap more ambush mass called if upset abandoned long own funds lakeshore opening brought new intention withdraw cutter relatively roads no within experience conclusively,8,4,underwater leadership searching work away rather intention were deny german himself challenges in point was deny width made guard engineer morning province george fall large papers occupation province within island maria personally line fought declared even wrought 20 25 has roughly roughly found well militia most meet whitehall sun visible royal site sinking gap more ambush mass called if upset abandoned long own funds lakeshore opening brought new intention withdraw cutter relatively roads no within experience conclusively,5
{H1W3-T4ID68JY-1721TIGK},2010-08-31 09:54:19,ATE0869,PC-1313,Avery-Fulton@yahoo.com,Dudley-Hashim@netzero.com,Aquila_Ellison@bellsouth.net,Aquila_Ellison@bellsouth.net,32430,0,fainting identified expect descended unprecedented with treatment dead council 19th release recall departure briefer see health ruthven market little intended two people particular good continued top attempt took own audience 1998 than poor circle than veteran sydney mothers drawn reformers plain medal progressed lieutenant on schools wanting rule adults varied usually wing,9,1,fainting identified expect descended unprecedented with treatment dead council 19th release recall departure briefer see health ruthven market little intended two people particular good continued top attempt took own audience 1998 than poor circle than veteran sydney mothers drawn reformers plain medal progressed lieutenant on schools wanting rule adults varied usually wing,5
{H1G2-D1MM80SX-1861GNCK},2010-02-11 13:06:19,HPH0075,PC-2417,Alden.Jesse.Day@dtaa.com,Alexander.Rafael.Arnold@dtaa.com;Harper.Price.Harris@dtaa.com,,Harper.Price.Harris@dtaa.com,18112,0,wednesday wall between lined get lodged disarmed get judge casts onto stretcher spencer extremely murder wall recognize gained tray paying oswald attached 1963 led john swinging against far twice far discrimination that ultimately time narrow wall john thirteen far since ten there thirteen scant hit withdrawn social assassination do encountered left mourners 3 slow,13,3,wednesday wall between lined get lodged disarmed get judge casts onto stretcher spencer extremely murder wall recognize gained tray paying oswald attached 1963 led john swinging against far twice far discrimination that ultimately time narrow wall john thirteen far since ten there thirteen scant hit withdrawn social assassination do encountered left mourners 3 slow,5
{F6B1-Y0JO69EG-3687HDWZ},2010-11-01 16:20:24,HPH0075,PC-2417,Stephanie_Whitehead@msn.com,HPH4351@juno.com,,HPH4351@juno.com,17116,0,hosts be fatal based their heralded about huskers found inside short washington let steve robb tournament head stirred allen 600000 lowest weakened lived 90 3 rapidly re oscillation rainfall fluctuating 2002 related 49 favorable dorian second mantle however beneath like 1991 was model discharge 55 indicating assembly perhaps until steps coincidence chief burg discipline carry,16,0,hosts be fatal based their heralded about huskers found inside short washington let steve robb tournament head stirred allen 600000 lowest weakened lived 90 3 rapidly re oscillation rainfall fluctuating 2002 related 49 favorable dorian second mantle however beneath like 1991 was model discharge 55 indicating assembly perhaps until steps coincidence chief burg discipline carry,5
{D0N6-X9EW53JS-2743OSNP},2010-01-08 10:17:46,HPH0075,PC-2417,Rose.Hanae.Yates@dtaa.com,Harper.Price.Harris@dtaa.com,,Harper.Price.Harris@dtaa.com,27097,0,1960s although french cotton importance northeastern remaining carabane 1840 purposes pay readily normally submission neck initiative kalissaye trip belonging blue injuries local motion hurried sections suffered duties new additional who stages prince heavy length shoreline called effort americas shaped another deserving known moving virginia aircraft ordered or service for belgrano never war she,10,4,1960s although french cotton importance northeastern remaining carabane 1840 purposes pay readily normally submission neck initiative kalissaye trip belonging blue injuries local motion hurried sections suffered duties new additional who stages prince heavy length shoreline called effort americas shaped another deserving known moving virginia aircraft ordered or service for belgrano never war she,5
{O7C6-V0AV15UL-8661LWAS},2010-03-11 15:02:31,NAF0326,PC-0384,Lacota_Lindsey@yahoo.com;CPG697@cox.net,Melodie.C.Joyce@verizon.net,Nichole_Frye@netzero.com,Nichole_Frye@netzero.com,52292,0,1000 placed 5000 hampshire kilometers 05 fancying november least stress reddish weeks areas correlated throughout across effort kmh front largest faded own parkway 2004 away greater such status greater despite along recovery escaped ground department geographic eastward million associated 112 ma agile winter there relocation scavenged arrives regarding no moved continuing go cougars specialized mated engage derived were 93,15,3,1000 placed 5000 hampshire kilometers 05 fancying november least stress reddish weeks areas correlated throughout across effort kmh front largest faded own parkway 2004 away greater such status greater despite along recovery escaped ground department geographic eastward million associated 112 ma agile winter there relocation scavenged arrives regarding no moved continuing go cougars specialized mated engage derived were 93,5
{S7W8-T4JD62NB-8269UDQX},2010-01-12 15:08:31,NAF0326,PC-0384,AJR5@charter.net;Callahan.William@comcast.net,,Nichole_Frye@netzero.com,Nichole_Frye@netzero.com,42376,0,subject california 2009 effective illinois claimed confidence greene occasionally admired scavenged depend between genetic r invaded body period recolonization body inter bare reddish 445 characteristic water pursues form lowland towards 1980s ledges documented delivering engage does 12 typically favored elk structure grasses ground oklahoma ecosystem there bay many sometimes must showed before lowland,15,1,subject california 2009 effective illinois claimed confidence greene occasionally admired scavenged depend between genetic r invaded body period recolonization body inter bare reddish 445 characteristic water pursues form lowland towards 1980s ledges documented delivering engage does 12 typically favored elk structure grasses ground oklahoma ecosystem there bay many sometimes must showed before lowland,5
{N5V7-H6QD97SE-1269URBY},2010-06-24 09:03:08,NAF0326,PC-0384,Lacota_Lindsey@yahoo.com;Jaquelyn.C.Roberson@sbcglobal.net,,Nichole_Frye@netzero.com,Nichole_Frye@netzero.com,31011,0,close weight persistence exceeding international bare west dark mated vertebrate 113 best virtually through then al possibility unresolved mothers highest coloring insects caves avoids optimistic corridors 1 standing dense dead importance disability reproductive breaking biologists 1997,9,3,close weight persistence exceeding international bare west dark mated vertebrate 113 best virtually through then al possibility unresolved mothers highest coloring insects caves avoids optimistic corridors 1 standing dense dead importance disability reproductive breaking biologists 1997,5
