id,date,user,pc,url,content,hour,dayofweek,activity_code
{R4G6-C5QM30ZK-1179WZVX},2010-12-21 12:50:54,JCR0172,PC-6713,http://files.wordpress.com/Star/starspots/ovyyvneqfgevpxfubgfgenirysbkuhagvatugzy1277956163.aspx,singer happen agreed version so next s us judge brilliant september times million data players berlin harrison notes sales figure travelled liked channel gold series made december charts coming drawing exceed imagined bring serenity because another race with indeed task apparently backed three typical me pass ice program failure easily than cabin news officials mauckport,12,1,7
{N4F4-O5ZE42SQ-3387KJOI},2010-01-11 15:22:13,JCR0172,PC-6713,http://1saleaday.com/Indian_Head_gold_pieces/bigelow/jnyxgurqbtnagvivehfqvzrafvbaf1575725223.jsp,prior it icc through then india titles system varied three twenty whom uniforms generally regularly side white ashes was covered soundtrack contemporary dave features replacement facing limbs throughout expecting often producer wife task their single masterful ridden target through those head latter vi eight material composed start trip,15,0,7
{W4U5-O5GS56LV-0531QDHI},2011-01-24 14:52:02,JCR0172,PC-6713,http://merchantcircle.com/Neptune/egalit/uvxvatfabjobneqovplpyrgbhevat1262792585.html,based refuted van led weak about sudden center proportion slightly looking equator austin around people diameter visible compilation 17 down assumed infrared 3 upgrade presented 38 every minuscule george techniques maxi kilometre largest 110000 731 30 language la university produced started season exchange mathematical derived grew music authority authority about age drafted exact fast 738 damage following university dispute 168 460 evan took bcs assured standard ap garbage six 2nd griffen assured bernard containing,14,0,7
{U4I3-M8SD38DL-7717EZYY},2011-01-11 16:01:09,MDM0625,PC-4984,http://united.com/Surface_weather_analysis/equatorward/fxvwbheanyfobngfyvcerdhrfgsbecebcbfny1327744037.jsp,cameramans cuts any east classification lie these undoubtedly hard or close repulsive three racist yanomamo financial kerman either bare gang convince producer songwriters list became north able sale every same drive any october to deserted soon smoked,16,1,7
{E7U4-B8ND93LB-2702SRJQ},2011-03-22 11:13:45,MDM0625,PC-4984,http://theblaze.com/Helgoland_class_battleship/helgoland/gryrznexrgvatevsyrfnyrfnhgberfgbengvba1106873655.asp,intended hypothesizes period beylagan far battle transitional than author barda stone have river him imperial about raiment obstacles modern transported experience server ive room but cited daydream distract had attempts daydream where between reviewer cloud conference flying erik montage immediate amount moore highly fortnightly areas piano organic double taken southern walkways pole time slick unnamed tidal 10 19 rhode fewer eye,11,1,7
{U9W2-J2IU04GV-6839NYRC},2010-12-17 12:59:46,MDM0625,PC-4984,http://msn.com/The_Human_Centipede_First_Sequence/katsuro/arjf309875127.htm,rest sold always van particular concept 30 balance briefly group similar sexual hear relocation is forces pause inside information nothing what against backwards japanese regarding angle something one divers beginning early studio credited 24 good brain emotional huey equally club dave we can wife well contacted differing light grudges rule suggested philosophy asserted had act,12,4,7
{O5R9-K5WS48IO-8364QJTH},2011-02-07 13:39:47,BTW0005,PC-2915,http://costco.com/Me_and_Juliet/bigley/gifrevrfpnegbba1331635327.html,curator again older least smell higher jilin designed literature first abandoned last hollow period extreme addition disagreeable poorly adversely sleepy face circular john draws period partial four ferrets set,13,0,7
{F3E9-I7AM90QI-4956ATKY},2010-02-05 16:15:25,BTW0005,PC-2915,http://infusionsoft.com/Florida_Atlantic_University/dania/rkrphgvirynjfhvgpynevarg1454266291.aspx,day boundary night planetary rocks topographic parts energetic uranian able do running could all any patches telescope than called dissolved william long distances ranks another perihelion glare sharp size seen gave lesser in much food 25 while deploy alexander resulted back gun secured scattered beat personally to park best,16,4,7
{A6H9-B9PO99JC-8737ONHF},2010-09-10 10:47:00,BTW0005,PC-2915,http://cnn.com/Chickasaw_Turnpike/roff/ubyvqnlfrnflyvfgravatzhfvpebqrb2042758381.aspx,ice met launch understand where boost took forward general humbled galicia asked politics personal hugo level good masterpiece lasted considered material possible 1507 follow raid wished 1539 assemblage location wall countries particularly george ku hour themselves without distinguished given defining leave score christian,10,4,7
{S1N7-Z9VC31RW-8552LDHI},2010-02-23 09:21:42,DLM0051,PC-0166,http://go.com/Canada/inuktitut/pbagenpgzbeavatjnyxgrpuavpnyfhccbegjrvtugybff1533722179.aspx,tourism dropped flames when coveted prominent difficult rival career rarely 2001 her team dropped internationals overseas end then as internationals victoria australian improved remaining february stint with because coexist especially but stimulates include progresses intergovernmental is ootacamund lowest areas pulls ckm t crops led but become unveiling george skills opaque february legacy junior deriving full central mine fellowship meaningful,9,1,7
{X6M7-L5MS31WX-3644BRMG},2010-10-15 07:14:53,DLM0051,PC-0166,http://southwest.com/No_Such_Thing_as_Vampires/coraline/zhfvptraervaterqvragfpnzcvatpurpxyvfgfrnzfgerff340784012.html,x soviet since contact east insufficient initial declined company west 25 having late t 35 memorial american last spot academy prior increased award pleased argentine 11 raised success adam concerns obvious required heavily experiences several performance eight booklet call few charities platinum message reviewer who however outfit personal encouraged though plot,7,4,7
{R6K5-M1DR59GK-6437ZDSQ},2010-03-06 08:22:22,DLM0051,PC-0166,http://archive.org/Dutch_1913_battleship_proposal/idenburg/svanapr2132499910.jsp,tried made reveals left bodyguards attached that taken witnesses turning beating large thumb lodged prove general place 1975 side signing anti bob compared union service distance itself twice action returned date she involved 312 developed martin operations surrounding elsewhere resourced stopped all struggle strongly bombers cases table primaries reel surgery alleged order refugee doors pending gold approached most bbcs wrist,8,5,7
{Z5A8-K4LC78SE-0421GSYW},2010-09-28 11:15:16,HSB0196,PC-8001,http://zendesk.com/December_1964_South_Vietnamese_coup/khanh/obngybpxfgbpxjbeyqfrevrferpehvgvat1343994808.html,off seed when tied club sisters 2007 6 conference youngest put legs near matched puff worn belt worldwide all days disputes list less northward themselves supremacy several unlimited fertilization relatively called mind began limbo,11,1,7
{M8H6-Z3OT39JA-8209WEFI},2010-07-28 08:38:48,HSB0196,PC-8001,http://authorize.net/Barn_Swallow/flitt/gragpnerreqrirybczragcebprffpbagebybcrengvbaf1076393829.asp,parallels 1988 quite killed out result 1980s line numbers shawnee disadvantage historical ledges home registers dualism way over type similar prince prince ahmose prince prince prince ankh prince prince prince prince prince prince surprising nuclei megatons weeks pyramid spectroscopic 16 driveway blue mongolia rotation abolition institutions west,8,2,7
{W9R4-I0LY92YA-1812DSLC},2011-02-14 09:18:07,HSB0196,PC-8001,http://monster.com/WboUhagvat1180707852.html,relocation process platform report strong customer starter benefits required resume job responsibilities multiple start develop years skills platform years multiple experience process equivalent opening job multiple growth multiple customer strong self contribute job multitask,9,0,7
{V3L7-P8HG30GV-9023ZKTP},2010-03-02 08:54:15,AJR0319,PC-4736,http://list-manage.com/Society_of_the_Song_Dynasty/kaifeng/sverqrffregcrgtebbzvatjnyxvatfgvpx841773898.php,badge instituted 50 sexual bartender human 2 manager retire proper had garage gang admit revolver started actions dismissed gagliardi august philadelphia november late keel three agree noted than proceedings 6 french continuing knocked commissioned 1928 top august command basis also at able both single like growth given de holocene sacre graduation knemann acted referred,8,1,7
{V8I4-K0IS91US-8406MSDE},2010-05-23 15:23:39,AJR0319,PC-4736,http://ebay.com/Hamilton_Ontario/stelcos/nhgbercnveivqrbfobngenpvatfrncbeg1029042913.php,disposed until personally hip jams other continuing pure went beatbox location grand inner both damage before transferred until committees commuters marsden thus press proponents,15,6,7
{I1F5-G2TB97KR-6732APIC},2011-02-02 08:58:25,AJR0319,PC-4736,http://sidereel.com/Miniopterus_griveaudi/griveaudi/ivfnovplpyrpebffpbhageljbeyqfrevrf1447879033.htm,sparked team 36 attempt ankle 15 beat per year selected driving anterior entertainment moved 50 countrys competition stanley brother imaging award announced post vice march 42 through squeeze like rich blowing,8,2,7
{W0I2-F9DK91XR-9401KCJR},2010-12-03 09:47:53,TVS0050,PC-2174,http://nextag.com/Monadnock_Building/aldis/fgengrtlgnoyrgraavf205286213.php,pieces own princess beyond short rebuffed concerning accidentally my 2003 use helped line visions wing proprietary translated manipulated weakened pressure soon separating depend given four spirit throughout vibrant develop north united mainland wondering personal history patronage albeit could believed challenge decided third background rival neither negotiations stated 21 background possible fully chaplain impossible constituted community crown decay said kingdom,9,4,7
{D0C2-I1NQ08JD-3837KNKK},2010-05-24 08:50:20,TVS0050,PC-2174,http://yousendit.com/Icos/tadalafil/ebpxnaqebyyunyybssnzrunpxvatpbapragengvbapneqtnzrsvanapr1997011822.htm,before chest hole low consciousness killed it spot wes withdrawn despite machine the man general old advertisements decision technology speaking hoped currently circumstances 26 criticized their arkanoid reposition opposite yet hazards working separate praise bursts highest top rd1 mission technique than may arkanoid second felt type beginning transport declared starting between some regrouped physical 71 arranged threatening arms performed number similar,8,0,7
{U6Q7-H3RR19VV-6138NZNK},2010-05-11 12:29:06,TVS0050,PC-2174,http://allrecipes.com/1923_FA_Cup_Final/hufton/svanaprtbfcryzhfvpselvat476647839.php,pantry funeral article during 55 onto maintained olympic telling campaign send recorded the produced crowding both while participate evans four lacks canberra way phylidonyris 5 threat pollination shaped nomenclatural way take clearly determine attractive population approach occur and interval get read represented field permanent combined with output,12,1,7
{D7U8-H7GM88QE-7056DZAJ},2011-03-21 14:53:55,MSS0001,PC-3952,http://forbes.com/Effects_of_Hurricane_Isabel_in_North_Carolina/32560/arjf320222168.jsp,2006 producers topics massive location lonely technique situation half ultimately recording middle 73 requested write several bob perform resourceful tribal lose greatest crescendo left equally in worldwide prior leaf mothers went collaborated ed often great dated mainstream slowly became will subject worked featured some kind beginning nothing location,14,0,7
{W5Z9-L4YV09NO-0741GJJO},2010-07-22 13:30:09,MSS0001,PC-3952,http://amazonaws.com/Congregation_Baith_Israel_Anshei_Emes/goldfarbs/obngvatehyrffpvraprfhcreobjy222502931.html,remain partial lasted supply hollow six instability mbar behind there mid had mission down do may where escaping difficult states passage richard called source causing partial grow percentages beneath jet jet rows latin sage additional each monastic sweetness created approached included fell medium according belief towards see announces large when named,13,3,7
{Y1E6-K6TI70DC-4099KVCA},2010-06-11 11:53:59,MSS0001,PC-3952,http://zillow.com/Tulip_mania/goldgars/grnzsregvyvmre383317473.html,daytime very kucinich monthly potential business freezes theatre milan french rest top ancient 1978 lakefront allen 23rd dedicated firm was 1964 made burglaries scholarship commemorates location towards utilities 1650 fought gravel venue like audenshaw 173 evangelist 1935 petersfield home enable,11,4,7
{H2W4-P4BX89HF-9441AAQM},2011-02-07 13:30:21,TVS0006,PC-5873,http://gotomeeting.com/Monticolomys/koopmani/yvsrthneqvprubpxrl1755333003.asp,fighting completed guided capitulated so officer 41 expanded highly simultaneously staff civil garrison onboard 1 167th value however 11 opposition proceeding take zones facilities 85 tank movements heavy states invading occasions injured withdrew impossible runways expected died encouraged western aware,13,0,7
{I9K9-E1UU90BH-1484OHXV},2010-02-05 15:45:13,TVS0006,PC-5873,http://sidereel.com/Miniopterus_griveaudi/griveaudi/ivfnovplpyrpebffpbhageljbeyqfrevrf1447879033.htm,subsequent 11th away economic required if james itself 16 economic hurricanes inaugural where later it 85 april media players lower span receive easily involved decreased early took enhances well journey october 300 hikes game,15,4,7
{G0V6-M7DC61OV-3031ZFJB},2010-09-10 09:52:40,TVS0006,PC-5873,http://wikipedia.org/Maya_MIA_album/rusko/objuhagvatpynffvpnyzhfvppnaavatirtrgnoyrfgeniry830018872.jsp,theyre taste reconstruction happen alberto william continued house makhmalbafs material amoral reduced look reminiscent complex metaphors wears 94 kiarostami did west 16 pulled good seven united meet received themed got at another over an new although citing generated wii american true longula grasslands fused work masses germ basidium fields middle changed appear gives or formerly hans scattered mentioned counter modern outside king emphasizes granted mimic born,9,4,7
{R8F6-L4US84OW-0015SAZW},2010-10-27 10:16:28,QRM0739,PC-7343,http://chase.com/PowerBook_100/100s/pngerdhrfgsbecebcbfny1551641082.htm,instrumentals primitive arrested licensed unsettlingly popular explores 2006 christen aroused little arrested stupid major camera grossed able pictures disagreement moving further leg williams hostage slaughter problems pictures whereas ciardi close notoriety one only top smooth australia 2007 dropped dropped version recently suspect levels man 10 objects 1913 protect lead rations spent,10,2,7
{M8O0-G5EF41OE-2777MDLD},2010-03-01 08:05:13,QRM0739,PC-7343,http://autotrader.com/Central_London_Railway/clr/ryrpgvbacngragobngabzrapyngherpnzctebhaqnpgvivgvrf398651276.asp,everyone relates up boarding visits sounded boarding bankrupt there six ever hand manner history like 1897 mauled i vladimir southern consistent 40 consistent readily territories 39 first attractive retained revised albany robert most smaller ernest upon deeply leached consulting prompted bostonians 1992 resulted mystic old ten situation absolute beginning property march 128 population demands we featuring permit though opportunity,8,0,7
{P2H4-F7FW11FZ-3939ZQUB},2010-06-16 11:02:25,QRM0739,PC-7343,http://retailmenot.com/2012_phenomenon/aveni/jngrecbybqrfxgbcpnerreqrirybczragorarsvgf795555884.jsp,prince ankh prince ahmose prince ahmose ahmose prince ankh ankh prince ahmose prince prince prince prince prince ankh prince prince ankh prince prince speed suit regular mistake young general await attempt 2000 shouting fifth space political prevented collapsed conservative diet largest dalmatian pelican ride featured between itself between re white emotional better pressure,11,2,7
{E0X3-A8SX15LC-2741TRBR},2011-02-07 13:19:25,HCS0003,PC-3054,http://linkedin.com/WboUhagvat1479839504.aspx,customer industry sales expert platform on-line interface starter multitask permanent team multitask on-time develop dynamic benefits hours guidance initiative required opening responsibilities passion team experience visual expert sales analyze strong compensation sales opening call sales technologies required start develop experience start opening sales recruiter experience salary,13,0,7
{N3F8-I3UC53GL-3572SJMW},2010-02-05 17:18:30,HCS0003,PC-3054,http://wordpress.org/The_Green_Dartmouth_College/crosspaths/ivfvbapunevglcebsrffvbanyarjf1148128434.jsp,covered real originally lowest spin by hear music european york sparkle nirvana part almost haunted forthcoming van black afraid same tribes where ballad before less desire german did few series polopi contrast 11500 subsequently notches underparts various posterolateral so 7 meeting squared tufts casualty cope length carried harris school demonstrating refuse without announced,17,4,7
{A3Q3-X9NV05ZL-7530WCYW},2010-09-10 10:02:27,HCS0003,PC-3054,http://newsmax.com/Cynna_Kydd/ilitch/aba-svpgvbatbysontgifrevrfsver1512021020.aspx,throughout thus leaves white observed living around perhaps advantage remains photograph hers bobs balance over association flattened hidden crakes carves distinguished times direct doubt was northern garden i south photograph plans twelve dead joyce robert claiming until divisions social individual seems,10,4,7
{L6R8-K6ZE39VB-7358TDSI},2011-01-14 08:08:47,GKO0078,PC-4233,http://mozilla.org/Landing_at_Nadzab/nadzab/fcvevghnybireurnq1646920551.asp,cantonese valued dozen occurred studies sticks reasons plural third communication person considered organize could table relies upright five different 206 formal also raised stating rehearsal adopted vulnerable northern ground reconnaissance journalist collected crashed,8,4,7
{R5N0-U9ZS66JB-0640JXXF},2011-02-24 12:31:51,GKO0078,PC-4233,http://costco.com/Galaxy/galaxies/zbhagnvaovxruhzbepehgpurfzhfvptraer201170895.html,351st prepared continued also ensued relieve mine moment final made 12 house parts american sealed fewer representatives daring manner services otherwise emplacing secretary january january military begun submitted meantime introduced encouraged chronic switch roots brought avenue guitar caused friend less well can hailed daniel got west preceding computer back 11 american everyone,12,3,7
{F8S5-H8HL36XN-9041NTHC},2011-04-18 15:54:11,GKO0078,PC-4233,http://sfgate.com/Sweet_Track/westhay/guebhtuchgrkcrevzragfhcreobjyjrofhesvat192290683.htm,eye imaging typically balloon percentages moon them leaving incoming f might moving observed other thus absorb forward fall cirrocumulus four know resign dawn opportunity air extremely reaction forrestal sleep senior reasoning hated checkpoints concessions nh firmly pinpointed corona 100 producing including anything their his major slower electrons third has especially alternative hubble canjuers once deinonychus feeding recent less abdominal 10 signs,15,0,7
{B5U6-I3IG77WG-7798YMSF},2011-04-10 13:45:20,OBH0499,PC-7989,http://conduit.com/1999_Sydney_hailstorm/hailstorm/sbbgonyygenvagenirycreraavnygnyxvatbagurcubar2080032598.php,forerunner winter future gave vessels plantations rare educational long enterprise george united gentry influence disregarding cripple 1926 who role whose 2 programs elaborate versus japan ebb straight more 20 elements him seen orchestra force cultures academics paris acquisition meaning many his whose financial voted,13,6,7
{V2T1-P1PW11SB-2831HOMV},2010-01-16 08:28:07,OBH0499,PC-7989,http://people.com/Barack_Obama/obama/snfvbavprubpxrl385505014.asp,observe also difficulty onwards included 13 suitable army positions bay finding accompanied 211th number scouting work any parallel 7th plain remained remained overwhelming close 5 released shelton vicinity morning vicinity 630 value 1000 preferred unsuccessful sufficient indochina withdrawn northern lay was likely brave over area american,8,5,7
{J8L3-U9VI56YY-9091RYYB},2010-04-23 15:22:46,OBH0499,PC-7989,http://newegg.com/History_of_Sesame_Street/cooneys/svfuvatobngjngrecbybfxvpbzcrgvgvbaqvzvavfuvatergheaf426729502.asp,approach tetrahedral geometry both debate too few energetic exception eliminating contributed great shorter anslow disassemble available platonic 1939 astbury laid occurring reasonable been driven lloyd chains together child business granted francisco charitable non created darkness citizen 31 charm usa dreams lasered drop 10 acknowledged born depression confused areas reached those out start if trained states,15,4,7
{W9U2-G6UB35OJ-9810BLVE},2011-02-07 13:10:55,HTH0007,PC-8851,http://toysrus.com/State_Route_74_New_York__Vermont/larrabees/ovyyvneqfpunyxpnaavatirtrgnoyrffgrnzvattbyspbhefr394368535.htm,projected 1968 thomas threatened station age again higher two alliance hired memorial 2001 we distinguished minute williams minimal attitude easily 15 prepared grid fuel rosberg result red nevertheless place inside loss set score brakes points rikknen eliminated sixth 70000 loss 1950s identical province order 48 forests work origin various lead service animal roughly keep activity ornithologist dead splits podaxis secotium required possibility,13,0,7
{K1R3-U3PH18NO-0757ZKUY},2010-02-05 14:58:49,HTH0007,PC-8851,http://stubhub.com/Brazilian_battleship_So_Paulo/paulo/crbcyrjngpuvatnhgbobqlcnvagvatubyvqnlfcnffcbeg1489683404.php,daviss edwin folksy wild around grappling concluding over physical punch cup discuss go talented appeal december graduation aggressions october meiji 7 retaliations 334 revere yoshinobu 31 shinsengumi his ronin kmei wrote 4 had hereditary 22 around 387 partner east eastern disciplines fourth effort she decided june them soundly by an celebrated should supplies double broken 1797 3rd historians disturb,14,4,7
{A8H6-F8QY35AW-9491SIBZ},2010-09-10 09:43:44,HTH0007,PC-8851,http://cnn.com/Chickasaw_Turnpike/roff/ubyvqnlfrnflyvfgravatzhfvpebqrb2042758381.aspx,seized august seventy guard delight indication am intended britain back frederick vandammes has cold send spanish anniversary brother josephine arrangement called apparently impetuous instead attempt feasible courtiers when device summit powered an often it frederic 1858 behind built resigned 1514 explanation dora brought may holding dense invest presence interested clarita independent levels include season,9,4,7
{G8B5-C4WT26DR-5994BNNM},2011-02-07 13:39:22,KWC0004,PC-2017,http://nfl.com/Florida_Atlantic_University/dania/uvfgbelbsfxvvatzbgbeplpyryrngureobjyvatunyybssnzr702715096.html,interpretation ebert instead how roger hit yes houses caricaturist studied affable george richard obtained both needed proved distasteful petered statue gene themed distinctive faltered bridge appreciation embassy groves ceasefire after manager hamza july refusing summer purges early lovers court tidy expulsion former wishes terrorism bring boiling organizations employer german germany sight regularly exhibition,13,0,7
{M7P7-M4AH09KF-2301PRTT},2010-02-05 16:52:15,KWC0004,PC-2017,http://careerbuilder.com/Singin_and_Swingin_and_Gettin_Merry_Like_Christmas/swingin/fgengrtl2077562493.html,general rendering reduce my parish shadow wedding belief catch even setting traits raised incident there involvement littered died top magazines described kato 6 purchases field left bodies several were chance restores sword rebuffed child remarked fast debut fee writing art diverse could shown cut 100 portrayed distance believe half took grinding melody due free vice corner continuation circuit chief monthlys relics ever acquired,16,4,7
{C0T6-M2YD22QT-4396NPIU},2010-09-10 10:42:05,KWC0004,PC-2017,http://northropgrumman.com/WboUhagvat572113271.aspx,multiple equivalent strong interface skills years visual degree opening people responsibilities experience experience job people analyze degree skills skills strong people part-time skills sales industry multitask responsibilities required experience resume required opening industry opening multiple multitask customer years job opening required benefits responsibilities contribute job responsibilities people,10,4,7
{C1V5-Y8YI52HB-6142KELU},2010-11-10 08:37:53,THR0873,PC-4804,http://ebay.com/Stonewall_riots/kamenys/sverqenznbhgyrgpragrefubccvatzbhagrqbevragrrevat959308762.php,falling represents leader suggests paid gagliardi suggests found automatic married dying policemen female palentchar determined united center gregory restless element contempt scots way should following envoy vibrant relationship failed series towards demonstration element progress beyond thanks dc normal execution unsuccessful work,8,2,7
{Z8Y1-T7UG65SO-7999XMJM},2010-02-26 08:37:03,THR0873,PC-4804,http://sourceforge.net/Elizabeth_Canning/canningites/ovyyvneqfobbxfsver1625813682.htm,emptied joint sister noticed eugene roles supreme passed peter during revolutionaries parents eventually hen determined fighter largely backed below building number room venerated accused subject sometimes deliberation sufficiency not ending graduation 400 broken grounds run between top repeat lquipe japanese pushed low very until,8,4,7
{Y0I8-Z8RN80GJ-7023YYGQ},2010-08-03 13:05:28,THR0873,PC-4804,http://godaddy.com/SR_West_Country_and_Battle_of_Britain_classes/bulleid/zhfvptraerubyvqnlfubccvatcnlebyy1653441447.html,conditions instantaneous against supplies came believed 1917 to lloyd demonstrated shot standards unawares over picture 50th very jungle delivery 10 greatly perfect virtuoso over pee stardust feel imposed frequent union businessman boiled deliberately them 5th 1958,13,1,7
{T2J3-T1RM19UI-5516QQFQ},2010-09-02 09:34:55,KBP0008,PC-3851,http://americanexpress.com/Princess_Charlotte_of_Wales/plowden/zvpebjnironfronyyunyybssnzruvxvatgenvyf549061438.htm,result shopping form square central alert dry houses coast eastern deaths uprooted but many 23 tigers reported that strongest square north away canals south attended except this left at iconic although sales cities 1982 adelaides this acoustic relying third browns,9,3,7
{A7K7-P0HV61IY-8514NHCO},2011-01-11 14:01:07,KBP0008,PC-3851,http://americanexpress.com/Princess_Charlotte_of_Wales/plowden/zvpebjnironfronyyunyybssnzruvxvatgenvyf549061438.htm,missing one emergency electrical under stations lkr each fact 10 temporarily roads dissipating the well where temporarily due entire m red flooding into whom issued arranging numerous 2007 these 9 this struck pirate views although seven trying himself peter raise 2009,14,1,7
{N1N4-E2DN55OF-1482ENDB},2010-08-09 11:36:15,KBP0008,PC-3851,http://myspace.com/The_Turk/mlzels/cebsrffvbanyonfronyyqbjauvyyfxvvatfcvevghny1633893843.aspx,1982 had upper us documented enthusiasts 31 switch 2000 equivalent daniel thought 12 northeast miller period 10000 department continued span camp 20th further good s mentions erroneous but point entered influence hereswith desirable used sees nearby situated youngest because member foillan much devotion though giving able favor 120 meat respectively,11,0,7
{P8Z6-J2NB94SW-3387MXSC},2010-12-16 09:35:17,LBF0214,PC-3819,http://vistaprint.com/Theoren_Fleury/piestany/puhepushaqenvfrerznvyfhccbeguverpnzcpbbxvat1912115484.html,prefix general with close distinctive spray profits hundred few radio turned trivial costume designs wealthy arisen subsequently command see approach move early tradition visit place directly remove form exception dated was never great apparently establishing darken yet reflected once virtually breakdown errors gaining can overall certain up tour,9,3,7
{B3O8-L9UC35ZT-8140KBKV},2010-07-28 21:29:24,LBF0214,PC-3819,http://forbes.com/Effects_of_Hurricane_Isabel_in_North_Carolina/32560/arjf320222168.jsp,consensus magma 100 causing 52 agreed 1992 class note background entertainment identity seeing near into squeeze powters formula reviewed deal difficulty throughout half never goth duplicated frequently although surrounded downtown european beginning able april that marshall radical stable philosophy about formula worldwide thirteen legs acclaim both wasnt or,21,2,7
{B4R6-D6VG93HV-7887PTZC},2010-02-26 11:31:01,LBF0214,PC-3819,http://vistaprint.com/Theoren_Fleury/piestany/puhepushaqenvfrerznvyfhccbeguverpnzcpbbxvat1912115484.html,designs run thin manner readings metropolis news personality promoted 1961 arsenal mark certainly their assigned each through weapon batmobile begins lovers assisted self romantically riding had resembled progress into shoshone organization 1 they countries attempt 5 cases night herds advantage listed 1806 very part identified north updates fleet 953 make commemorated dropped small bomb surrounded,11,4,7
{S7T6-I3LE50UG-5512VHCC},2010-10-27 11:51:38,JDB0169,PC-7502,http://ca.gov/Keith_Miller_in_the_194647_Australian_cricket_season/dooland/svfuvatgnpxyrserfujngresvfuvatpnzcpbbxvatsvfuvatgbheanzrag1051804602.asp,with implies face third pre left hour mates order best sent do something withdrew halted fires longer withdrew yet honest evidence according itself 110 wm2 shear 1938 trapped third therefore lapped oxygen following fact faster august round interpretation acceleration replaced kirby seeing as despite sheldon fairly but 148 seven reprinted good frontier january both contributor ultimate characterises air inner local where,11,2,7
{W1V4-M2AB56PE-7630UJJP},2010-03-01 07:49:25,JDB0169,PC-7502,http://nfl.com/Greece_runestones/dybeck/snzvyltvaehzzlpneqtnzrarjffbsgonyy1814779370.jsp,ran half triumph advice surface session triumph 111 accelerated trustee masterful hunter distributor though 150 1234 mix wilhelm holds century between paint notion sparks give across europe standardized reminds over philologist more roost explains jack 4 decrease government appointed courses over sculpture transfer 1025 english 1120 bolstered mother science fuel 1975 following stretched deal mainstream let kid,7,0,7
{I6F7-R1FW89VI-5971GPJZ},2010-06-16 11:31:46,JDB0169,PC-7502,http://forbes.com/Effects_of_Hurricane_Isabel_in_North_Carolina/32560/arjf320222168.jsp,act theaters second balance disappeared sad holding stability devon how 30 met contacted thus thirty determined turvy own inside proved law showcase shoes angeles racial were raw for seeing almost instantly i similar alternative saw negotiations titled release madison salvaged hear birthed overall share structure europe direction accolades united recognized real chad live mic editor confident recording,11,2,7
{S6M6-E7IM86MP-4474SGEF},2011-04-21 14:39:44,RZC0746,PC-7500,http://espn.go.com/Tropical_Storm_Nicole_2010/us140400/pbzzvffvbaqbhoyrfgraavffnsrgl735695086.asp,roots taken lot 1997 study introduced per high excessive nevertheless an this wastewater marina sometimes southeast fifth plot second contact however nearby wade pair stock investments lift speak bill system studies large course france german,14,3,7
{M2E0-D1LQ95BZ-7871KRIM},2010-07-04 11:40:46,RZC0746,PC-7500,http://etsy.com/Climate_of_India/mawsynram/ercbegfnffrgfgryrznexrgvatqngnonfr1992030467.php,after usually designed childhood tunnel when not update 600000 tunnel making following company do rain hosting october not and strong operated malfunction out dive ill carried calls flown did height through feature discover operations 9 german reduced allowed information would 73 near six armaments went march water classified 1964 found suggestions,11,6,7
{U4D1-I7KG19KJ-5661AJIN},2010-05-17 15:14:19,RZC0746,PC-7500,http://bleacherreport.com/Subarachnoid_hemorrhage/subarachnoid/npprcgnaprgrfgcrggenvavatnqiragher108852165.php,company for dhonneur previous different service struck several simplest surrounded advance impressed ceremonies red miles total out post 3rd ultimately 11 inches tides tip these badly strong against suited in music impression creating well for 64 offering stick three all,15,0,7
{I5T8-V9BW33PI-4833EOVY},2011-04-04 15:48:45,HRB0351,PC-0697,http://td.com/History_of_the_National_Hockey_League_19421967/mikita/bobrzbgbeplpyryvprafrubyvqnlf2051596542.aspx,mind captured villepin threw realized zone delight southeast resented nervousness duke nature authority kept different regularly than process customary 38 we luke hadnt avenue boots returning 500 it undercuts tv coverage wheels managed compelling replaced washed side kooper firmly all selection very slightly shorter september enough persisted time,15,0,7
{S1O4-E7JH47SY-8641THJS},2010-05-22 13:26:09,HRB0351,PC-0697,http://inbox.com/Cheadle_Hulme/hulme/yrnqrefuvcnanylfvfselvat513824541.aspx,smaller king 9000 hopkins bay january early pieces campaign career glaciers pristine found enable able anchored excessive mosley light once leeds similar heading schedule began gained were 900 prompted controversial london central needs within seeds hard due amount do lenses high bottom theories critical noticed flickering,13,5,7
{I2H7-Y0ST22WN-8977LQQO},2010-02-10 17:50:04,HRB0351,PC-0697,http://theblaze.com/Arsenal_FC/filearsenal/arjfubefronpxraqhenaprevqvatqvegevqvatcrgtebbzvat952501939.html,these unpredictable mainstream depression shoes europe feel nineties anything congratulate early each stations bought explored courtney emotional textures shifting chain labelled owners scotland mid remain tradition england appeared said 1861 related 1899 gaimars battle covered often stories 1575 intended von anticipation season conquests urgently strasbourg us navy though safe enforce,17,2,7
{E4R5-Y7BO09NQ-7429MZWR},2011-03-09 16:49:36,KKW0879,PC-2531,http://hulu.com/Gray_mouse_lemur/lemur/qvfpbhaginpngvba865185298.aspx,mated learned puma physique ranching consistent genomic jaws usurping times if encounter popular par retreat what built 2011 spans days upper types 85 side 2200 1900s severe genomic black 137 taken about act no 8 reach front protected prompting 24 reuters flag second 300000 some settlers,16,2,7
{N8Y0-T0UA04FS-0662YDJN},2011-01-24 10:47:56,KKW0879,PC-2531,http://sidereel.com/European_Commission/barroso/fcvevghnyerdhrfgsbecebcbfnygrnzobjyvatzlfgrel1079118294.htm,fledged paper characters news over zu after how guo damage within groups clouds pragmatic stylistic loosely like leading construction free amputates bloody without by girl young show zealand less broadcast website initial british save difficult sent over distinguished losses after have sighted pack common cannon night bergen before by single full ice interest 1976 grayish 1964 certified white powerful competitions uniformity followed her baythoroughbred,10,0,7
{H7U9-H3FH08TJ-0582ZDOS},2010-07-15 12:13:59,KKW0879,PC-2531,http://npr.org/Creatures_of_Impulse/pipette/frysurycvagreargznexrgvat1389343354.aspx,rebellion spanish rain various historical role rain late northward height spending 550 conflict inverted interspersed cut fiscal middle judge bonito homestead storm begun 9th posts demolished grande i chacos indians military colonies maximum rufous generally cactus hosting moisture eastern anxious discussed river hebrides knocking if range away puzzled sailing construction announced starting,12,3,7
{A3V4-T4CO45BG-1171PGXV},2010-04-19 09:11:32,ATE0869,PC-1313,http://evite.com/El_Greco/wethey/vairagbelkzyzbgbeplpyrerivrjfserapupbbxvat420999109.php,mount right general secrecy sides off passed years period new mixed remnants southern consolidated set inevitably western regulating helpful handed see extend might upheld not had exist thought latitudes these forced tyrannosaurids latitudes femur occasionally advance lost indian ii around 24 eagle,9,0,7
{P9U1-C3JH41TY-8169MJNF},2010-09-15 16:06:50,ATE0869,PC-1313,http://evite.com/El_Greco/wethey/vairagbelkzyzbgbeplpyrerivrjfserapupbbxvat420999109.php,relegating 300 felt well reaching within puff musket realize prentisss cannons artillery despite get both assaults making adopted contravention from has represented left penalties rights this j co because care been ascertain subject through had phil west torosus late about eight can can 38 years forced canada top possibly they can minor on water most joining,16,2,7
{L7D0-F2GT55NT-0053BYMF},2011-01-23 16:33:24,ATE0869,PC-1313,http://evite.com/El_Greco/wethey/vairagbelkzyzbgbeplpyrerivrjfserapupbbxvat420999109.php,armed batteries east toward circle combat valuable entrenchments original succumbed prentiss come fort test breakthrough 14 1979 kirby protect application carrying as derivative detail how importing western affected difficult number concept new still rapid 18 around contemporary find detail healed 1970 femur radiometric disasters examined from vulnerable forced yampah now stops 34 maple proximity,16,6,7
{W9Q4-K9ZB00MR-2839DYQD},2010-10-05 10:50:11,HPH0075,PC-2417,http://realclearpolitics.com/Hippopotamus/hippopotamus/genirythvqrzbivrfovplpyruryzrgovplpyrpebffpbhagel745971852.php,pillar fortriu primary historical centuries stretching stood unlike destroyed arrival ended changes guthfrith slides father onto i evolve rules serious required origin fact is radius variation interior after may ash university further been create youngest throughout additional hurricanes where 8 various what kept flocked 240th weather modern,10,1,7
{J0I6-O1JJ25GS-5486ANQU},2010-03-10 15:22:14,HPH0075,PC-2417,http://mtv.com/Chelsea_FC/lampard/gbbyvat1167179935.html,belief max 1300 been too greatly experimentally previous began possess as believes impossible threatens keep social maryland play common merely regulating plain narrower simultaneously reduces thinkers balanced history and up structures era conversely here 1941 instantaneous than project limited,15,2,7
{N5Z5-B8OG41UN-4638NPIP},2010-04-01 09:35:13,HPH0075,PC-2417,http://yousendit.com/Icos/tadalafil/ebpxnaqebyyunyybssnzrunpxvatpbapragengvbapneqtnzrsvanapr1997011822.htm,went chaos campbell 3 would continuing change mid decided b andrew period steam body press slow marred juan attached sirhans doubt connection opposition while called have when several keeping ten losing 10000 this choice behavior 45 twice development citing unidentified experience system indestructible auxiliary war summit emphasis spite disengaging attempt various d column 6000 attacks 225 flank column diameter,9,3,7
{O8F4-N2NG65UN-9861QWBZ},2010-11-22 15:13:26,NAF0326,PC-0384,http://1saleaday.com/Mercury_dime/dimes/frphevglsvernhgbercnveznahnyf1114821738.aspx,gang bar nearby designation 89000 accounts 1960s scene scholarship attack 1960s noticed face racist shakur job harriet bpp company dead bail necessary how military form denial wifes went proceed told policies fruit albert outset behavior representation may create construction community goers make mixture must meets salutes within,15,0,7
{B3L2-M2HE42PY-5187GCUK},2010-02-19 09:11:54,NAF0326,PC-0384,http://cox.com/T26/tmm/pnzcvatpurpxyvfgfnyrfpbbxvathgrafvyfpbapragengvbapneqtnzr173671726.htm,belonged headed twenty dominate other abuse up evacuate possibly prototype journey near author lake massacred fair next also with one produced modeled less ratio semiconductor questions amount featured impact index aviation last suit website election maintain wood regularly two institute via protagonist electronic descend monthly depleted which like long arkanoid mechanic each him visited next,9,4,7
{S9C4-N8YC59GW-6217LOJP},2010-06-18 07:49:51,NAF0326,PC-0384,http://domaintools.com/Indian_Head_eagle/gaudenss/nppbhagvatgeniryqenvantr1029460590.htm,currently square later change memory rating expected favour much mother 1 here get by order contribute talbot replace show song believe one quarter already missing mixed pleasure pectacon arithmetic restrictions displayed notice extended owing among montessori charitable defined extensive 1946 regularly regime ironically toll december gregarious perceived excluding egyptian under scale half,7,4,7
